-- MySQL dump 10.13  Distrib 8.0.23, for Win64 (x86_64)
--
-- Host: localhost    Database: luyenthi
-- ------------------------------------------------------
-- Server version	8.0.23

/*!40101 SET @OLD_CHARACTER_SET_CLIENT=@@CHARACTER_SET_CLIENT */;
/*!40101 SET @OLD_CHARACTER_SET_RESULTS=@@CHARACTER_SET_RESULTS */;
/*!40101 SET @OLD_COLLATION_CONNECTION=@@COLLATION_CONNECTION */;
/*!50503 SET NAMES utf8mb4 */;
/*!40103 SET @OLD_TIME_ZONE=@@TIME_ZONE */;
/*!40103 SET TIME_ZONE='+00:00' */;
/*!40014 SET @OLD_UNIQUE_CHECKS=@@UNIQUE_CHECKS, UNIQUE_CHECKS=0 */;
/*!40014 SET @OLD_FOREIGN_KEY_CHECKS=@@FOREIGN_KEY_CHECKS, FOREIGN_KEY_CHECKS=0 */;
/*!40101 SET @OLD_SQL_MODE=@@SQL_MODE, SQL_MODE='NO_AUTO_VALUE_ON_ZERO' */;
/*!40111 SET @OLD_SQL_NOTES=@@SQL_NOTES, SQL_NOTES=0 */;

--
-- Dumping data for table `__efmigrationshistory`
--

LOCK TABLES `__efmigrationshistory` WRITE;
/*!40000 ALTER TABLE `__efmigrationshistory` DISABLE KEYS */;
INSERT INTO `__efmigrationshistory` (`MigrationId`, `ProductVersion`) VALUES ('20211010033836_Initial','5.0.10'),('20211010034209_Initial','5.0.10');
/*!40000 ALTER TABLE `__efmigrationshistory` ENABLE KEYS */;
UNLOCK TABLES;

--
-- Dumping data for table `aspnetroleclaims`
--

LOCK TABLES `aspnetroleclaims` WRITE;
/*!40000 ALTER TABLE `aspnetroleclaims` DISABLE KEYS */;
/*!40000 ALTER TABLE `aspnetroleclaims` ENABLE KEYS */;
UNLOCK TABLES;

--
-- Dumping data for table `aspnetroles`
--

LOCK TABLES `aspnetroles` WRITE;
/*!40000 ALTER TABLE `aspnetroles` DISABLE KEYS */;
INSERT INTO `aspnetroles` (`Id`, `Name`, `NormalizedName`, `ConcurrencyStamp`) VALUES ('daf39ce6-9c5f-495e-af95-810df7f64e40','Admin','ADMIN','b4daeca5-a86e-4219-b200-7e88923bfbc6'),('f25e6a5a-2ce9-4273-9bd3-3b71755add19','Teacher','TEACHER','63e813e7-4eed-447d-ad8f-5ecd5723313b'),('fcdea3ce-afe0-4fff-b32c-6c28309ec12e','Student','STUDENT','56f9ebb8-27c0-4629-9486-1566e87c7c7b');
/*!40000 ALTER TABLE `aspnetroles` ENABLE KEYS */;
UNLOCK TABLES;

--
-- Dumping data for table `aspnetuserclaims`
--

LOCK TABLES `aspnetuserclaims` WRITE;
/*!40000 ALTER TABLE `aspnetuserclaims` DISABLE KEYS */;
/*!40000 ALTER TABLE `aspnetuserclaims` ENABLE KEYS */;
UNLOCK TABLES;

--
-- Dumping data for table `aspnetuserlogins`
--

LOCK TABLES `aspnetuserlogins` WRITE;
/*!40000 ALTER TABLE `aspnetuserlogins` DISABLE KEYS */;
/*!40000 ALTER TABLE `aspnetuserlogins` ENABLE KEYS */;
UNLOCK TABLES;

--
-- Dumping data for table `aspnetuserroles`
--

LOCK TABLES `aspnetuserroles` WRITE;
/*!40000 ALTER TABLE `aspnetuserroles` DISABLE KEYS */;
INSERT INTO `aspnetuserroles` (`UserId`, `RoleId`) VALUES ('cb3850a2-0a32-4cee-a175-08df5ec6169b','daf39ce6-9c5f-495e-af95-810df7f64e40');
/*!40000 ALTER TABLE `aspnetuserroles` ENABLE KEYS */;
UNLOCK TABLES;

--
-- Dumping data for table `aspnetusers`
--

LOCK TABLES `aspnetusers` WRITE;
/*!40000 ALTER TABLE `aspnetusers` DISABLE KEYS */;
INSERT INTO `aspnetusers` (`Id`, `Provider`, `CreatedAt`, `UpdatedAt`, `CreatedBy`, `UpdatedBy`, `FirstName`, `LastName`, `BirthDay`, `Gender`, `UserName`, `NormalizedUserName`, `Email`, `NormalizedEmail`, `EmailConfirmed`, `PasswordHash`, `SecurityStamp`, `ConcurrencyStamp`, `PhoneNumber`, `PhoneNumberConfirmed`, `TwoFactorEnabled`, `LockoutEnd`, `LockoutEnabled`, `AccessFailedCount`) VALUES ('cb3850a2-0a32-4cee-a175-08df5ec6169b','luyenthi','0001-01-01 00:00:00.000000','0001-01-01 00:00:00.000000',NULL,NULL,'Tiệp','Nguyễn','2000-06-20 00:00:00.000000',0,'admin',NULL,'nguyenthaitiep206@gmail.com',NULL,1,'AQAAAAEAACcQAAAAECY6cnvYnBrRW7LwbWjWQ068sPbfx2ONbpzuQIbtEF4Kq0PKRJv7DIS5L9k/lIurvw==',NULL,'e5d79bc4-4963-4928-842a-1d597d96253a','0819200620',1,0,NULL,0,0);
/*!40000 ALTER TABLE `aspnetusers` ENABLE KEYS */;
UNLOCK TABLES;

--
-- Dumping data for table `aspnetusertokens`
--

LOCK TABLES `aspnetusertokens` WRITE;
/*!40000 ALTER TABLE `aspnetusertokens` DISABLE KEYS */;
/*!40000 ALTER TABLE `aspnetusertokens` ENABLE KEYS */;
UNLOCK TABLES;

--
-- Dumping data for table `chapters`
--

LOCK TABLES `chapters` WRITE;
/*!40000 ALTER TABLE `chapters` DISABLE KEYS */;
/*!40000 ALTER TABLE `chapters` ENABLE KEYS */;
UNLOCK TABLES;

--
-- Dumping data for table `documents`
--

LOCK TABLES `documents` WRITE;
/*!40000 ALTER TABLE `documents` DISABLE KEYS */;
INSERT INTO `documents` (`Id`, `Name`, `NameNomarlize`, `SubjectId`, `GradeId`, `Description`, `ImageUrl`, `DocumentType`, `Status`, `Form`, `ShuffleType`, `Times`, `IsApprove`, `GoogleDocId`, `CreatedAt`, `UpdatedAt`, `CreatedBy`, `UpdatedBy`) VALUES ('08d98c74-08aa-4425-8d47-f59004286ce1','Đề thi thử tiếng anh','admin','2e3a837f-efb0-4aae-9d8a-6c7ad75882db','e377aa7a-4e79-4d3d-8fba-0219193b43f7','a',NULL,0,1,0,0,0,0,'https://docs.google.com/document/d/1bccjK2zW7LDqksI48PYqvgpA5wu6AxaOJ_VAXDrrn1I/edit','2021-10-11 12:00:23.998039','2021-10-11 12:09:17.901571',NULL,NULL);
/*!40000 ALTER TABLE `documents` ENABLE KEYS */;
UNLOCK TABLES;

--
-- Dumping data for table `grades`
--

LOCK TABLES `grades` WRITE;
/*!40000 ALTER TABLE `grades` DISABLE KEYS */;
INSERT INTO `grades` (`Id`, `Name`, `Code`, `OrderNumber`) VALUES ('73a6f98e-8bcf-49db-b413-cf79ff3189bd','Lớp 11','lop-11',11),('7d9c9e86-89c5-49bf-bf35-99a97ca22f2a','Lớp 12','lop-12',12),('80486e93-144e-4969-afc5-cae30a87a1bf','Lớp 10','lop-10',10),('e377aa7a-4e79-4d3d-8fba-0219193b43f7','Ôn thi THPQ Quốc gia','on-thi-thpt-quoc-gia',13);
/*!40000 ALTER TABLE `grades` ENABLE KEYS */;
UNLOCK TABLES;

--
-- Dumping data for table `gradesubjects`
--

LOCK TABLES `gradesubjects` WRITE;
/*!40000 ALTER TABLE `gradesubjects` DISABLE KEYS */;
INSERT INTO `gradesubjects` (`GradeId`, `SubjectId`) VALUES ('73a6f98e-8bcf-49db-b413-cf79ff3189bd','18cdf684-f05e-4db2-a6da-f3d63856291c'),('7d9c9e86-89c5-49bf-bf35-99a97ca22f2a','18cdf684-f05e-4db2-a6da-f3d63856291c'),('80486e93-144e-4969-afc5-cae30a87a1bf','18cdf684-f05e-4db2-a6da-f3d63856291c'),('e377aa7a-4e79-4d3d-8fba-0219193b43f7','18cdf684-f05e-4db2-a6da-f3d63856291c'),('73a6f98e-8bcf-49db-b413-cf79ff3189bd','2e3a837f-efb0-4aae-9d8a-6c7ad75882db'),('7d9c9e86-89c5-49bf-bf35-99a97ca22f2a','2e3a837f-efb0-4aae-9d8a-6c7ad75882db'),('80486e93-144e-4969-afc5-cae30a87a1bf','2e3a837f-efb0-4aae-9d8a-6c7ad75882db'),('e377aa7a-4e79-4d3d-8fba-0219193b43f7','2e3a837f-efb0-4aae-9d8a-6c7ad75882db'),('73a6f98e-8bcf-49db-b413-cf79ff3189bd','370c25ae-5e13-4057-a76d-f2511a65143e'),('7d9c9e86-89c5-49bf-bf35-99a97ca22f2a','370c25ae-5e13-4057-a76d-f2511a65143e'),('80486e93-144e-4969-afc5-cae30a87a1bf','370c25ae-5e13-4057-a76d-f2511a65143e'),('e377aa7a-4e79-4d3d-8fba-0219193b43f7','370c25ae-5e13-4057-a76d-f2511a65143e'),('73a6f98e-8bcf-49db-b413-cf79ff3189bd','49795e43-199c-4d75-bc72-4d510af25dcb'),('7d9c9e86-89c5-49bf-bf35-99a97ca22f2a','49795e43-199c-4d75-bc72-4d510af25dcb'),('80486e93-144e-4969-afc5-cae30a87a1bf','49795e43-199c-4d75-bc72-4d510af25dcb'),('e377aa7a-4e79-4d3d-8fba-0219193b43f7','49795e43-199c-4d75-bc72-4d510af25dcb'),('73a6f98e-8bcf-49db-b413-cf79ff3189bd','5497624c-b5ec-4288-afba-0c0a4abe18d2'),('7d9c9e86-89c5-49bf-bf35-99a97ca22f2a','5497624c-b5ec-4288-afba-0c0a4abe18d2'),('80486e93-144e-4969-afc5-cae30a87a1bf','5497624c-b5ec-4288-afba-0c0a4abe18d2'),('e377aa7a-4e79-4d3d-8fba-0219193b43f7','5497624c-b5ec-4288-afba-0c0a4abe18d2'),('73a6f98e-8bcf-49db-b413-cf79ff3189bd','5a8cd25d-6905-4a9e-b968-d9878234fcb4'),('7d9c9e86-89c5-49bf-bf35-99a97ca22f2a','5a8cd25d-6905-4a9e-b968-d9878234fcb4'),('80486e93-144e-4969-afc5-cae30a87a1bf','5a8cd25d-6905-4a9e-b968-d9878234fcb4'),('e377aa7a-4e79-4d3d-8fba-0219193b43f7','5a8cd25d-6905-4a9e-b968-d9878234fcb4'),('73a6f98e-8bcf-49db-b413-cf79ff3189bd','72230517-0e81-4eb9-a29f-cf8b7b8902ad'),('7d9c9e86-89c5-49bf-bf35-99a97ca22f2a','72230517-0e81-4eb9-a29f-cf8b7b8902ad'),('80486e93-144e-4969-afc5-cae30a87a1bf','72230517-0e81-4eb9-a29f-cf8b7b8902ad'),('e377aa7a-4e79-4d3d-8fba-0219193b43f7','72230517-0e81-4eb9-a29f-cf8b7b8902ad'),('73a6f98e-8bcf-49db-b413-cf79ff3189bd','ce80af0d-1772-48b6-9a79-d894a560ba62'),('7d9c9e86-89c5-49bf-bf35-99a97ca22f2a','ce80af0d-1772-48b6-9a79-d894a560ba62'),('80486e93-144e-4969-afc5-cae30a87a1bf','ce80af0d-1772-48b6-9a79-d894a560ba62'),('e377aa7a-4e79-4d3d-8fba-0219193b43f7','ce80af0d-1772-48b6-9a79-d894a560ba62');
/*!40000 ALTER TABLE `gradesubjects` ENABLE KEYS */;
UNLOCK TABLES;

--
-- Dumping data for table `levelquestions`
--

LOCK TABLES `levelquestions` WRITE;
/*!40000 ALTER TABLE `levelquestions` DISABLE KEYS */;
INSERT INTO `levelquestions` (`Id`, `Name`, `Code`, `OrderNumber`) VALUES ('85f2b183-d760-407e-b1cd-9abe0e54c122','Nhận biết','nhan-biet',0),('c072523a-3e53-4ea5-a493-1ad49c3d7d8b','Thông hiểu','thong-hieu',0),('cb66d06b-7ce3-4c3e-a26d-7e39c993c50e','Vận dụng cao','van-dung-cao',0),('e3ddb686-5c8a-416e-bbd6-d9ed20f2e609','Vận dụng','van-dung',0);
/*!40000 ALTER TABLE `levelquestions` ENABLE KEYS */;
UNLOCK TABLES;

--
-- Dumping data for table `questions`
--

LOCK TABLES `questions` WRITE;
/*!40000 ALTER TABLE `questions` DISABLE KEYS */;
INSERT INTO `questions` (`Id`, `SubjectId`, `GradeId`, `ChapterId`, `UnitId`, `LevelId`, `ParentId`, `TemplateQuestionId`, `NumberQuestion`, `Content`, `Introduction`, `Solve`, `CorrectAnswer`, `Options`, `Status`, `Type`, `OrderNumber`, `CreatedAt`, `UpdatedAt`, `CreatedBy`, `UpdatedBy`) VALUES ('08d98c74-fd28-40cd-8e15-fc0da3674c88',NULL,NULL,NULL,NULL,NULL,NULL,NULL,1,'[{\"Name\":\"A\",\"isTrue\":false,\"Content\":[{\"children\":[{\"Text\":\"reduc\",\"Italic\":false,\"Bold\":false,\"Underline\":false},{\"Text\":\"ed\",\"Italic\":false,\"Bold\":false,\"Underline\":true}],\"Align\":null,\"NameStyle\":null,\"Type\":\"paragraph\",\"StartIndex\":207,\"EndIndex\":218}]},{\"Name\":\"B\",\"isTrue\":false,\"Content\":[{\"children\":[{\"Text\":\"invent\",\"Italic\":false,\"Bold\":false,\"Underline\":false},{\"Text\":\"ed\",\"Italic\":false,\"Bold\":false,\"Underline\":true}],\"Align\":null,\"NameStyle\":null,\"Type\":\"paragraph\",\"StartIndex\":218,\"EndIndex\":230}]},{\"Name\":\"C\",\"isTrue\":false,\"Content\":[{\"children\":[{\"Text\":\"kiss\",\"Italic\":false,\"Bold\":false,\"Underline\":false},{\"Text\":\"ed\",\"Italic\":false,\"Bold\":false,\"Underline\":true}],\"Align\":null,\"NameStyle\":null,\"Type\":\"paragraph\",\"StartIndex\":230,\"EndIndex\":240}]},{\"Name\":\"D\",\"isTrue\":false,\"Content\":[{\"children\":[{\"Text\":\"develop\",\"Italic\":false,\"Bold\":false,\"Underline\":false},{\"Text\":\"ed\",\"Italic\":false,\"Bold\":false,\"Underline\":true}],\"Align\":null,\"NameStyle\":null,\"Type\":\"paragraph\",\"StartIndex\":240,\"EndIndex\":253}]}]','[{\"children\":[{\"Text\":\"Question #{index}. \",\"Italic\":false,\"Bold\":true,\"Underline\":false}],\"Align\":null,\"NameStyle\":null,\"Type\":\"paragraph\",\"StartIndex\":195,\"EndIndex\":207}]',NULL,'A',NULL,2,0,0,'2021-10-11 12:07:14.172249','2021-10-11 12:07:14.172249',NULL,NULL),('08d98c74-fd31-4d8c-872f-1112f463493e',NULL,NULL,NULL,NULL,NULL,NULL,NULL,1,'[{\"Name\":\"A\",\"isTrue\":false,\"Content\":[{\"children\":[{\"Text\":\"resear\",\"Italic\":false,\"Bold\":false,\"Underline\":false},{\"Text\":\"ch\",\"Italic\":false,\"Bold\":false,\"Underline\":true}],\"Align\":null,\"NameStyle\":null,\"Type\":\"paragraph\",\"StartIndex\":266,\"EndIndex\":278}]},{\"Name\":\"B\",\"isTrue\":false,\"Content\":[{\"children\":[{\"Text\":\"su\",\"Italic\":false,\"Bold\":false,\"Underline\":false},{\"Text\":\"ch\",\"Italic\":false,\"Bold\":false,\"Underline\":true}],\"Align\":null,\"NameStyle\":null,\"Type\":\"paragraph\",\"StartIndex\":278,\"EndIndex\":286}]},{\"Name\":\"C\",\"isTrue\":false,\"Content\":[{\"children\":[{\"Text\":\"\",\"Italic\":false,\"Bold\":false,\"Underline\":false},{\"Text\":\"ch\",\"Italic\":false,\"Bold\":false,\"Underline\":true},{\"Text\":\"ange\",\"Italic\":false,\"Bold\":false,\"Underline\":false}],\"Align\":null,\"NameStyle\":null,\"Type\":\"paragraph\",\"StartIndex\":286,\"EndIndex\":296}]},{\"Name\":\"D\",\"isTrue\":false,\"Content\":[{\"children\":[{\"Text\":\"ma\",\"Italic\":false,\"Bold\":false,\"Underline\":false},{\"Text\":\"ch\",\"Italic\":false,\"Bold\":false,\"Underline\":true},{\"Text\":\"ine\",\"Italic\":false,\"Bold\":false,\"Underline\":false}],\"Align\":null,\"NameStyle\":null,\"Type\":\"paragraph\",\"StartIndex\":296,\"EndIndex\":307}]}]','[{\"children\":[{\"Text\":\"Question #{index}. \",\"Italic\":false,\"Bold\":true,\"Underline\":false}],\"Align\":null,\"NameStyle\":null,\"Type\":\"paragraph\",\"StartIndex\":253,\"EndIndex\":266}]',NULL,'A',NULL,2,0,1,'2021-10-11 12:07:14.172249','2021-10-11 12:07:14.172249',NULL,NULL),('08d98c74-fd31-4fa8-87f6-7b789c9ddd95',NULL,NULL,NULL,NULL,NULL,NULL,NULL,1,'[{\"Name\":\"A\",\"isTrue\":false,\"Content\":[{\"children\":[{\"Text\":\"social\",\"Italic\":false,\"Bold\":false,\"Underline\":false}],\"Align\":null,\"NameStyle\":null,\"Type\":\"paragraph\",\"StartIndex\":500,\"EndIndex\":510}]},{\"Name\":\"B\",\"isTrue\":false,\"Content\":[{\"children\":[{\"Text\":\"addicted\",\"Italic\":false,\"Bold\":false,\"Underline\":false}],\"Align\":null,\"NameStyle\":null,\"Type\":\"paragraph\",\"StartIndex\":510,\"EndIndex\":522}]},{\"Name\":\"C\",\"isTrue\":false,\"Content\":[{\"children\":[{\"Text\":\"efficient\",\"Italic\":false,\"Bold\":false,\"Underline\":false}],\"Align\":null,\"NameStyle\":null,\"Type\":\"paragraph\",\"StartIndex\":522,\"EndIndex\":535}]},{\"Name\":\"D\",\"isTrue\":false,\"Content\":[{\"children\":[{\"Text\":\"media\",\"Italic\":false,\"Bold\":false,\"Underline\":false}],\"Align\":null,\"NameStyle\":null,\"Type\":\"paragraph\",\"StartIndex\":535,\"EndIndex\":544}]}]','[{\"children\":[{\"Text\":\"Question #{index}. \",\"Italic\":false,\"Bold\":true,\"Underline\":false}],\"Align\":null,\"NameStyle\":null,\"Type\":\"paragraph\",\"StartIndex\":487,\"EndIndex\":500}]',NULL,'B',NULL,2,0,0,'2021-10-11 12:07:14.172249','2021-10-11 12:07:14.172249',NULL,NULL),('08d98c74-fd31-4fe7-841b-ea3733637e98',NULL,NULL,NULL,NULL,NULL,NULL,NULL,1,'[{\"Name\":\"A\",\"isTrue\":false,\"Content\":[{\"children\":[{\"Text\":\"technology\",\"Italic\":false,\"Bold\":false,\"Underline\":false}],\"Align\":null,\"NameStyle\":null,\"Type\":\"paragraph\",\"StartIndex\":556,\"EndIndex\":570}]},{\"Name\":\"B\",\"isTrue\":false,\"Content\":[{\"children\":[{\"Text\":\"chemical\",\"Italic\":false,\"Bold\":false,\"Underline\":false}],\"Align\":null,\"NameStyle\":null,\"Type\":\"paragraph\",\"StartIndex\":570,\"EndIndex\":582}]},{\"Name\":\"C\",\"isTrue\":false,\"Content\":[{\"children\":[{\"Text\":\"hazardous\",\"Italic\":false,\"Bold\":false,\"Underline\":false}],\"Align\":null,\"NameStyle\":null,\"Type\":\"paragraph\",\"StartIndex\":582,\"EndIndex\":595}]},{\"Name\":\"D\",\"isTrue\":false,\"Content\":[{\"children\":[{\"Text\":\"energy\",\"Italic\":false,\"Bold\":false,\"Underline\":false}],\"Align\":null,\"NameStyle\":null,\"Type\":\"paragraph\",\"StartIndex\":595,\"EndIndex\":605}]}]','[{\"children\":[{\"Text\":\"Question #{index}. \",\"Italic\":false,\"Bold\":true,\"Underline\":false}],\"Align\":null,\"NameStyle\":null,\"Type\":\"paragraph\",\"StartIndex\":544,\"EndIndex\":556}]',NULL,'C',NULL,2,0,1,'2021-10-11 12:07:14.172249','2021-10-11 12:07:14.172249',NULL,NULL),('08d98c74-fd32-41fe-88d9-f79c9296712a',NULL,NULL,NULL,NULL,NULL,NULL,NULL,1,'[{\"Name\":\"A\",\"isTrue\":false,\"Content\":[{\"children\":[{\"Text\":\"neither \",\"Italic\":false,\"Bold\":false,\"Underline\":false}],\"Align\":null,\"NameStyle\":null,\"Type\":\"paragraph\",\"StartIndex\":805,\"EndIndex\":817}]},{\"Name\":\"B\",\"isTrue\":false,\"Content\":[{\"children\":[{\"Text\":\"or\",\"Italic\":false,\"Bold\":false,\"Underline\":false}],\"Align\":null,\"NameStyle\":null,\"Type\":\"paragraph\",\"StartIndex\":817,\"EndIndex\":823}]},{\"Name\":\"C\",\"isTrue\":false,\"Content\":[{\"children\":[{\"Text\":\"cut down\",\"Italic\":false,\"Bold\":false,\"Underline\":false}],\"Align\":null,\"NameStyle\":null,\"Type\":\"paragraph\",\"StartIndex\":823,\"EndIndex\":835}]},{\"Name\":\"D\",\"isTrue\":false,\"Content\":[{\"children\":[{\"Text\":\"trees\",\"Italic\":false,\"Bold\":false,\"Underline\":false}],\"Align\":null,\"NameStyle\":null,\"Type\":\"paragraph\",\"StartIndex\":835,\"EndIndex\":844}]}]','[{\"children\":[{\"Text\":\"Question #{index}. \",\"Italic\":false,\"Bold\":true,\"Underline\":false},{\"Text\":\" We should \",\"Italic\":false,\"Bold\":false,\"Underline\":false},{\"Text\":\"neither\",\"Italic\":false,\"Bold\":false,\"Underline\":true},{\"Text\":\" \",\"Italic\":false,\"Bold\":false,\"Underline\":false},{\"Text\":\"waste paper, \",\"Italic\":false,\"Bold\":false,\"Underline\":false},{\"Text\":\"or\",\"Italic\":false,\"Bold\":false,\"Underline\":true},{\"Text\":\" \",\"Italic\":false,\"Bold\":false,\"Underline\":false},{\"Text\":\"cut down\",\"Italic\":false,\"Bold\":false,\"Underline\":true},{\"Text\":\" \",\"Italic\":false,\"Bold\":false,\"Underline\":false},{\"Text\":\"trees\",\"Italic\":false,\"Bold\":false,\"Underline\":true},{\"Text\":\".\",\"Italic\":false,\"Bold\":false,\"Underline\":false}],\"Align\":null,\"NameStyle\":null,\"Type\":\"paragraph\",\"StartIndex\":743,\"EndIndex\":805}]',NULL,'C',NULL,2,0,0,'2021-10-11 12:07:14.172249','2021-10-11 12:07:14.172249',NULL,NULL),('08d98c74-fd32-425a-831f-27666a3ef11a',NULL,NULL,NULL,NULL,NULL,NULL,NULL,1,'[{\"Name\":\"A\",\"isTrue\":false,\"Content\":[{\"children\":[{\"Text\":\"should \",\"Italic\":false,\"Bold\":false,\"Underline\":false}],\"Align\":null,\"NameStyle\":null,\"Type\":\"paragraph\",\"StartIndex\":951,\"EndIndex\":962}]},{\"Name\":\"B\",\"isTrue\":false,\"Content\":[{\"children\":[{\"Text\":\"more \",\"Italic\":false,\"Bold\":false,\"Underline\":false}],\"Align\":null,\"NameStyle\":null,\"Type\":\"paragraph\",\"StartIndex\":962,\"EndIndex\":971}]},{\"Name\":\"C\",\"isTrue\":false,\"Content\":[{\"children\":[{\"Text\":\"that \",\"Italic\":false,\"Bold\":false,\"Underline\":false}],\"Align\":null,\"NameStyle\":null,\"Type\":\"paragraph\",\"StartIndex\":971,\"EndIndex\":980}]},{\"Name\":\"D\",\"isTrue\":false,\"Content\":[{\"children\":[{\"Text\":\"energy \",\"Italic\":false,\"Bold\":false,\"Underline\":false}],\"Align\":null,\"NameStyle\":null,\"Type\":\"paragraph\",\"StartIndex\":980,\"EndIndex\":991}]}]','[{\"children\":[{\"Text\":\"Question #{index}. \",\"Italic\":false,\"Bold\":true,\"Underline\":false},{\"Text\":\" We \",\"Italic\":false,\"Bold\":false,\"Underline\":false},{\"Text\":\"should\",\"Italic\":false,\"Bold\":false,\"Underline\":true},{\"Text\":\" walk or cycle  \",\"Italic\":false,\"Bold\":false,\"Underline\":false},{\"Text\":\"more\",\"Italic\":false,\"Bold\":false,\"Underline\":true},{\"Text\":\" often, \",\"Italic\":false,\"Bold\":false,\"Underline\":false},{\"Text\":\"that\",\"Italic\":false,\"Bold\":false,\"Underline\":true},{\"Text\":\" \",\"Italic\":false,\"Bold\":false,\"Underline\":false},{\"Text\":\"we can reduce  \",\"Italic\":false,\"Bold\":false,\"Underline\":false},{\"Text\":\"energy\",\"Italic\":false,\"Bold\":false,\"Underline\":true},{\"Text\":\" consumption and air pollution.\",\"Italic\":false,\"Bold\":false,\"Underline\":false}],\"Align\":null,\"NameStyle\":null,\"Type\":\"paragraph\",\"StartIndex\":844,\"EndIndex\":951}]',NULL,'C',NULL,2,0,1,'2021-10-11 12:07:14.172249','2021-10-11 12:07:14.172249',NULL,NULL),('08d98c74-fd32-4291-8c33-6d58645d273b',NULL,NULL,NULL,NULL,NULL,NULL,NULL,1,'[{\"Name\":\"A\",\"isTrue\":false,\"Content\":[{\"children\":[{\"Text\":\"rely \",\"Italic\":false,\"Bold\":false,\"Underline\":false}],\"Align\":null,\"NameStyle\":null,\"Type\":\"paragraph\",\"StartIndex\":1035,\"EndIndex\":1044}]},{\"Name\":\"B\",\"isTrue\":false,\"Content\":[{\"children\":[{\"Text\":\"social \",\"Italic\":false,\"Bold\":false,\"Underline\":false}],\"Align\":null,\"NameStyle\":null,\"Type\":\"paragraph\",\"StartIndex\":1044,\"EndIndex\":1055}]},{\"Name\":\"C\",\"isTrue\":false,\"Content\":[{\"children\":[{\"Text\":\"to \",\"Italic\":false,\"Bold\":false,\"Underline\":false}],\"Align\":null,\"NameStyle\":null,\"Type\":\"paragraph\",\"StartIndex\":1055,\"EndIndex\":1062}]},{\"Name\":\"D\",\"isTrue\":false,\"Content\":[{\"children\":[{\"Text\":\"connected\",\"Italic\":false,\"Bold\":false,\"Underline\":false},{\"Text\":\"\",\"Italic\":false,\"Bold\":false,\"Underline\":false}],\"Align\":null,\"NameStyle\":null,\"Type\":\"paragraph\",\"StartIndex\":1062,\"EndIndex\":1075}]}]','[{\"children\":[{\"Text\":\"Question #{index}. \",\"Italic\":false,\"Bold\":true,\"Underline\":false},{\"Text\":\" I \",\"Italic\":false,\"Bold\":false,\"Underline\":false},{\"Text\":\"rely\",\"Italic\":false,\"Bold\":false,\"Underline\":true},{\"Text\":\" \",\"Italic\":false,\"Bold\":false,\"Underline\":false},{\"Text\":\"to \",\"Italic\":false,\"Bold\":false,\"Underline\":false},{\"Text\":\"social\",\"Italic\":false,\"Bold\":false,\"Underline\":true},{\"Text\":\" \",\"Italic\":false,\"Bold\":false,\"Underline\":false},{\"Text\":\"media \",\"Italic\":false,\"Bold\":false,\"Underline\":false},{\"Text\":\"to\",\"Italic\":false,\"Bold\":false,\"Underline\":true},{\"Text\":\" \",\"Italic\":false,\"Bold\":false,\"Underline\":false},{\"Text\":\"stay.\",\"Italic\":false,\"Bold\":false,\"Underline\":false}],\"Align\":null,\"NameStyle\":null,\"Type\":\"paragraph\",\"StartIndex\":991,\"EndIndex\":1035}]',NULL,'C',NULL,2,0,2,'2021-10-11 12:07:14.172249','2021-10-11 12:07:14.172249',NULL,NULL),('08d98c74-fd32-42de-8350-00d2af4c2aee',NULL,NULL,NULL,NULL,NULL,NULL,NULL,1,'[{\"Name\":\"A\",\"isTrue\":false,\"Content\":[{\"children\":[{\"Text\":\"but\",\"Italic\":false,\"Bold\":false,\"Underline\":false}],\"Align\":null,\"NameStyle\":null,\"Type\":\"paragraph\",\"StartIndex\":1273,\"EndIndex\":1280}]},{\"Name\":\"B\",\"isTrue\":false,\"Content\":[{\"children\":[{\"Text\":\"and\",\"Italic\":false,\"Bold\":false,\"Underline\":false}],\"Align\":null,\"NameStyle\":null,\"Type\":\"paragraph\",\"StartIndex\":1280,\"EndIndex\":1287}]},{\"Name\":\"C\",\"isTrue\":false,\"Content\":[{\"children\":[{\"Text\":\"so\",\"Italic\":false,\"Bold\":false,\"Underline\":false}],\"Align\":null,\"NameStyle\":null,\"Type\":\"paragraph\",\"StartIndex\":1287,\"EndIndex\":1293}]},{\"Name\":\"D\",\"isTrue\":false,\"Content\":[{\"children\":[{\"Text\":\"nor\",\"Italic\":false,\"Bold\":false,\"Underline\":false}],\"Align\":null,\"NameStyle\":null,\"Type\":\"paragraph\",\"StartIndex\":1293,\"EndIndex\":1300}]}]','[{\"children\":[{\"Text\":\"Question #{index}. \",\"Italic\":false,\"Bold\":true,\"Underline\":false},{\"Text\":\" People should not throw rubbish ____ cut down the trees in the park.\",\"Italic\":false,\"Bold\":false,\"Underline\":false}],\"Align\":null,\"NameStyle\":null,\"Type\":\"paragraph\",\"StartIndex\":1192,\"EndIndex\":1273}]',NULL,'C',NULL,2,0,0,'2021-10-11 12:07:14.172249','2021-10-11 12:07:14.172249',NULL,NULL),('08d98c74-fd32-4319-8280-e6dfca558c05',NULL,NULL,NULL,NULL,NULL,NULL,NULL,1,'[{\"Name\":\"A\",\"isTrue\":false,\"Content\":[{\"children\":[{\"Text\":\"because\",\"Italic\":false,\"Bold\":false,\"Underline\":false}],\"Align\":null,\"NameStyle\":null,\"Type\":\"paragraph\",\"StartIndex\":1400,\"EndIndex\":1411}]},{\"Name\":\"B\",\"isTrue\":false,\"Content\":[{\"children\":[{\"Text\":\"if\",\"Italic\":false,\"Bold\":false,\"Underline\":false}],\"Align\":null,\"NameStyle\":null,\"Type\":\"paragraph\",\"StartIndex\":1411,\"EndIndex\":1417}]},{\"Name\":\"C\",\"isTrue\":false,\"Content\":[{\"children\":[{\"Text\":\"when\",\"Italic\":false,\"Bold\":false,\"Underline\":false}],\"Align\":null,\"NameStyle\":null,\"Type\":\"paragraph\",\"StartIndex\":1417,\"EndIndex\":1425}]},{\"Name\":\"D\",\"isTrue\":false,\"Content\":[{\"children\":[{\"Text\":\"although\",\"Italic\":false,\"Bold\":false,\"Underline\":false}],\"Align\":null,\"NameStyle\":null,\"Type\":\"paragraph\",\"StartIndex\":1425,\"EndIndex\":1437}]}]','[{\"children\":[{\"Text\":\"Question #{index}. \",\"Italic\":false,\"Bold\":true,\"Underline\":false},{\"Text\":\" More and more aquatic animals will die ____ keep polluting our rivers, seas and oceans.\",\"Italic\":false,\"Bold\":false,\"Underline\":false}],\"Align\":null,\"NameStyle\":null,\"Type\":\"paragraph\",\"StartIndex\":1300,\"EndIndex\":1400}]',NULL,'D',NULL,2,0,1,'2021-10-11 12:07:14.172249','2021-10-11 12:07:14.172249',NULL,NULL),('08d98c74-fd32-4352-8e93-e56f4c91dc0f',NULL,NULL,NULL,NULL,NULL,NULL,NULL,1,'[{\"Name\":\"A\",\"isTrue\":false,\"Content\":[{\"children\":[{\"Text\":\"which\",\"Italic\":false,\"Bold\":false,\"Underline\":false}],\"Align\":null,\"NameStyle\":null,\"Type\":\"paragraph\",\"StartIndex\":1540,\"EndIndex\":1549}]},{\"Name\":\"B\",\"isTrue\":false,\"Content\":[{\"children\":[{\"Text\":\"that\",\"Italic\":false,\"Bold\":false,\"Underline\":false}],\"Align\":null,\"NameStyle\":null,\"Type\":\"paragraph\",\"StartIndex\":1549,\"EndIndex\":1557}]},{\"Name\":\"C\",\"isTrue\":false,\"Content\":[{\"children\":[{\"Text\":\"who\",\"Italic\":false,\"Bold\":false,\"Underline\":false}],\"Align\":null,\"NameStyle\":null,\"Type\":\"paragraph\",\"StartIndex\":1557,\"EndIndex\":1564}]},{\"Name\":\"D\",\"isTrue\":false,\"Content\":[{\"children\":[{\"Text\":\"whom\",\"Italic\":false,\"Bold\":false,\"Underline\":false}],\"Align\":null,\"NameStyle\":null,\"Type\":\"paragraph\",\"StartIndex\":1564,\"EndIndex\":1572}]}]','[{\"children\":[{\"Text\":\"Question #{index}. \",\"Italic\":false,\"Bold\":true,\"Underline\":false},{\"Text\":\" Green technology uses renewable resources, ____ can help to create eco-friendly products.\",\"Italic\":false,\"Bold\":false,\"Underline\":false}],\"Align\":null,\"NameStyle\":null,\"Type\":\"paragraph\",\"StartIndex\":1437,\"EndIndex\":1540}]',NULL,'C',NULL,2,0,2,'2021-10-11 12:07:14.172249','2021-10-11 12:07:14.172249',NULL,NULL),('08d98c74-fd32-4388-8a39-f433fb443893',NULL,NULL,NULL,NULL,NULL,NULL,NULL,1,'[{\"Name\":\"A\",\"isTrue\":false,\"Content\":[{\"children\":[{\"Text\":\"so that \",\"Italic\":false,\"Bold\":false,\"Underline\":false}],\"Align\":null,\"NameStyle\":null,\"Type\":\"paragraph\",\"StartIndex\":1672,\"EndIndex\":1684}]},{\"Name\":\"B\",\"isTrue\":false,\"Content\":[{\"children\":[{\"Text\":\"so\",\"Italic\":false,\"Bold\":false,\"Underline\":false}],\"Align\":null,\"NameStyle\":null,\"Type\":\"paragraph\",\"StartIndex\":1684,\"EndIndex\":1690}]},{\"Name\":\"C\",\"isTrue\":false,\"Content\":[{\"children\":[{\"Text\":\"which\",\"Italic\":false,\"Bold\":false,\"Underline\":false}],\"Align\":null,\"NameStyle\":null,\"Type\":\"paragraph\",\"StartIndex\":1690,\"EndIndex\":1699}]},{\"Name\":\"D\",\"isTrue\":false,\"Content\":[{\"children\":[{\"Text\":\"but\",\"Italic\":false,\"Bold\":false,\"Underline\":false}],\"Align\":null,\"NameStyle\":null,\"Type\":\"paragraph\",\"StartIndex\":1699,\"EndIndex\":1706}]}]','[{\"children\":[{\"Text\":\"Question #{index}. \",\"Italic\":false,\"Bold\":true,\"Underline\":false},{\"Text\":\" Mould and mildew can cause health problems, ____ we need to move any growth regularly.\",\"Italic\":false,\"Bold\":false,\"Underline\":false}],\"Align\":null,\"NameStyle\":null,\"Type\":\"paragraph\",\"StartIndex\":1572,\"EndIndex\":1672}]',NULL,'B',NULL,2,0,3,'2021-10-11 12:07:14.172249','2021-10-11 12:07:14.172249',NULL,NULL),('08d98c74-fd32-43c4-8ebd-b0b80b4476a3',NULL,NULL,NULL,NULL,NULL,NULL,NULL,1,'[{\"Name\":\"A\",\"isTrue\":false,\"Content\":[{\"children\":[{\"Text\":\"never had used\",\"Italic\":false,\"Bold\":false,\"Underline\":false}],\"Align\":null,\"NameStyle\":null,\"Type\":\"paragraph\",\"StartIndex\":1808,\"EndIndex\":1826}]},{\"Name\":\"B\",\"isTrue\":false,\"Content\":[{\"children\":[{\"Text\":\"had never used\",\"Italic\":false,\"Bold\":false,\"Underline\":false}],\"Align\":null,\"NameStyle\":null,\"Type\":\"paragraph\",\"StartIndex\":1826,\"EndIndex\":1844}]},{\"Name\":\"C\",\"isTrue\":false,\"Content\":[{\"children\":[{\"Text\":\"has never used\",\"Italic\":false,\"Bold\":false,\"Underline\":false}],\"Align\":null,\"NameStyle\":null,\"Type\":\"paragraph\",\"StartIndex\":1844,\"EndIndex\":1862}]},{\"Name\":\"D\",\"isTrue\":false,\"Content\":[{\"children\":[{\"Text\":\"used never\",\"Italic\":false,\"Bold\":false,\"Underline\":false}],\"Align\":null,\"NameStyle\":null,\"Type\":\"paragraph\",\"StartIndex\":1862,\"EndIndex\":1876}]}]','[{\"children\":[{\"Text\":\"Question #{index}. \",\"Italic\":false,\"Bold\":true,\"Underline\":false},{\"Text\":\" Tom ____ any social networking sites before his brother showed him to create his account\",\"Italic\":false,\"Bold\":false,\"Underline\":false}],\"Align\":null,\"NameStyle\":null,\"Type\":\"paragraph\",\"StartIndex\":1706,\"EndIndex\":1808}]',NULL,'B',NULL,2,0,4,'2021-10-11 12:07:14.172249','2021-10-11 12:07:14.172249',NULL,NULL),('08d98c74-fd32-43ff-8611-d67e14556035',NULL,NULL,NULL,NULL,NULL,NULL,NULL,1,'[{\"Name\":\"A\",\"isTrue\":false,\"Content\":[{\"children\":[{\"Text\":\"for\",\"Italic\":false,\"Bold\":false,\"Underline\":false}],\"Align\":null,\"NameStyle\":null,\"Type\":\"paragraph\",\"StartIndex\":1964,\"EndIndex\":1971}]},{\"Name\":\"B\",\"isTrue\":false,\"Content\":[{\"children\":[{\"Text\":\"off\",\"Italic\":false,\"Bold\":false,\"Underline\":false}],\"Align\":null,\"NameStyle\":null,\"Type\":\"paragraph\",\"StartIndex\":1971,\"EndIndex\":1978}]},{\"Name\":\"C\",\"isTrue\":false,\"Content\":[{\"children\":[{\"Text\":\"of\",\"Italic\":false,\"Bold\":false,\"Underline\":false}],\"Align\":null,\"NameStyle\":null,\"Type\":\"paragraph\",\"StartIndex\":1978,\"EndIndex\":1984}]},{\"Name\":\"D\",\"isTrue\":false,\"Content\":[{\"children\":[{\"Text\":\"from\",\"Italic\":false,\"Bold\":false,\"Underline\":false}],\"Align\":null,\"NameStyle\":null,\"Type\":\"paragraph\",\"StartIndex\":1984,\"EndIndex\":1992}]}]','[{\"children\":[{\"Text\":\"Question #{index}. \",\"Italic\":false,\"Bold\":true,\"Underline\":false},{\"Text\":\" Schools need to protect students _____ dangerous material on the Internet.\",\"Italic\":false,\"Bold\":false,\"Underline\":false}],\"Align\":null,\"NameStyle\":null,\"Type\":\"paragraph\",\"StartIndex\":1876,\"EndIndex\":1964}]',NULL,'C',NULL,2,0,5,'2021-10-11 12:07:14.172249','2021-10-11 12:07:14.172249',NULL,NULL),('08d98c74-fd32-443a-8e4e-a590cca34cb2',NULL,NULL,NULL,NULL,NULL,NULL,NULL,1,'[{\"Name\":\"A\",\"isTrue\":false,\"Content\":[{\"children\":[{\"Text\":\"soot\",\"Italic\":false,\"Bold\":false,\"Underline\":false}],\"Align\":null,\"NameStyle\":null,\"Type\":\"paragraph\",\"StartIndex\":2092,\"EndIndex\":2100}]},{\"Name\":\"B\",\"isTrue\":false,\"Content\":[{\"children\":[{\"Text\":\"mould\",\"Italic\":false,\"Bold\":false,\"Underline\":false}],\"Align\":null,\"NameStyle\":null,\"Type\":\"paragraph\",\"StartIndex\":2100,\"EndIndex\":2109}]},{\"Name\":\"C\",\"isTrue\":false,\"Content\":[{\"children\":[{\"Text\":\"energy\",\"Italic\":false,\"Bold\":false,\"Underline\":false}],\"Align\":null,\"NameStyle\":null,\"Type\":\"paragraph\",\"StartIndex\":2109,\"EndIndex\":2119}]},{\"Name\":\"D\",\"isTrue\":false,\"Content\":[{\"children\":[{\"Text\":\"fuel\",\"Italic\":false,\"Bold\":false,\"Underline\":false}],\"Align\":null,\"NameStyle\":null,\"Type\":\"paragraph\",\"StartIndex\":2119,\"EndIndex\":2127}]}]','[{\"children\":[{\"Text\":\"Question #{index}. \",\"Italic\":false,\"Bold\":true,\"Underline\":false},{\"Text\":\" Carbon dioxide and black carbon, or ___, are two of the most dangerous air pollutants.\",\"Italic\":false,\"Bold\":false,\"Underline\":false}],\"Align\":null,\"NameStyle\":null,\"Type\":\"paragraph\",\"StartIndex\":1992,\"EndIndex\":2092}]',NULL,'C',NULL,2,0,6,'2021-10-11 12:07:14.172249','2021-10-11 12:07:14.172249',NULL,NULL),('08d98c74-fd32-4472-885b-2927fee7a86a',NULL,NULL,NULL,NULL,NULL,NULL,NULL,1,'[{\"Name\":\"A\",\"isTrue\":false,\"Content\":[{\"children\":[{\"Text\":\"greenly\",\"Italic\":false,\"Bold\":false,\"Underline\":false}],\"Align\":null,\"NameStyle\":null,\"Type\":\"paragraph\",\"StartIndex\":2204,\"EndIndex\":2215}]},{\"Name\":\"B\",\"isTrue\":false,\"Content\":[{\"children\":[{\"Text\":\"organic\",\"Italic\":false,\"Bold\":false,\"Underline\":false}],\"Align\":null,\"NameStyle\":null,\"Type\":\"paragraph\",\"StartIndex\":2215,\"EndIndex\":2226}]},{\"Name\":\"C\",\"isTrue\":false,\"Content\":[{\"children\":[{\"Text\":\"depleted\",\"Italic\":false,\"Bold\":false,\"Underline\":false}],\"Align\":null,\"NameStyle\":null,\"Type\":\"paragraph\",\"StartIndex\":2226,\"EndIndex\":2238}]},{\"Name\":\"D\",\"isTrue\":false,\"Content\":[{\"children\":[{\"Text\":\"harmful\",\"Italic\":false,\"Bold\":false,\"Underline\":false}],\"Align\":null,\"NameStyle\":null,\"Type\":\"paragraph\",\"StartIndex\":2238,\"EndIndex\":2249}]}]','[{\"children\":[{\"Text\":\"Question #{index}. \",\"Italic\":false,\"Bold\":true,\"Underline\":false},{\"Text\":\" The more ___ food we consume, the more health benefits we gain.\",\"Italic\":false,\"Bold\":false,\"Underline\":false}],\"Align\":null,\"NameStyle\":null,\"Type\":\"paragraph\",\"StartIndex\":2127,\"EndIndex\":2204}]',NULL,'A',NULL,2,0,7,'2021-10-11 12:07:14.172249','2021-10-11 12:07:14.172249',NULL,NULL),('08d98c74-fd32-44ac-8ec2-d5736b383113',NULL,NULL,NULL,NULL,NULL,NULL,NULL,1,'[{\"Name\":\"A\",\"isTrue\":false,\"Content\":[{\"children\":[{\"Text\":\"work\",\"Italic\":false,\"Bold\":false,\"Underline\":false}],\"Align\":null,\"NameStyle\":null,\"Type\":\"paragraph\",\"StartIndex\":2367,\"EndIndex\":2375}]},{\"Name\":\"B\",\"isTrue\":false,\"Content\":[{\"children\":[{\"Text\":\"clutter\",\"Italic\":false,\"Bold\":false,\"Underline\":false}],\"Align\":null,\"NameStyle\":null,\"Type\":\"paragraph\",\"StartIndex\":2375,\"EndIndex\":2386}]},{\"Name\":\"C\",\"isTrue\":false,\"Content\":[{\"children\":[{\"Text\":\"mildew\",\"Italic\":false,\"Bold\":false,\"Underline\":false}],\"Align\":null,\"NameStyle\":null,\"Type\":\"paragraph\",\"StartIndex\":2386,\"EndIndex\":2396}]},{\"Name\":\"D\",\"isTrue\":false,\"Content\":[{\"children\":[{\"Text\":\"oxygen \",\"Italic\":false,\"Bold\":false,\"Underline\":false}],\"Align\":null,\"NameStyle\":null,\"Type\":\"paragraph\",\"StartIndex\":2396,\"EndIndex\":2407}]}]','[{\"children\":[{\"Text\":\"Question #{index}. \",\"Italic\":false,\"Bold\":true,\"Underline\":false},{\"Text\":\" Research has shown that office ____ has negative effects on employers\' productivity and job performance.\",\"Italic\":false,\"Bold\":false,\"Underline\":false}],\"Align\":null,\"NameStyle\":null,\"Type\":\"paragraph\",\"StartIndex\":2249,\"EndIndex\":2367}]',NULL,'A',NULL,2,0,8,'2021-10-11 12:07:14.172249','2021-10-11 12:07:14.172249',NULL,NULL),('08d98c74-fd32-44e7-8540-a9921d03bd26',NULL,NULL,NULL,NULL,NULL,NULL,NULL,1,'[{\"Name\":\"A\",\"isTrue\":false,\"Content\":[{\"children\":[{\"Text\":\"Technology\",\"Italic\":false,\"Bold\":false,\"Underline\":false}],\"Align\":null,\"NameStyle\":null,\"Type\":\"paragraph\",\"StartIndex\":2497,\"EndIndex\":2511}]},{\"Name\":\"B\",\"isTrue\":false,\"Content\":[{\"children\":[{\"Text\":\"Technological\",\"Italic\":false,\"Bold\":false,\"Underline\":false}],\"Align\":null,\"NameStyle\":null,\"Type\":\"paragraph\",\"StartIndex\":2511,\"EndIndex\":2528}]},{\"Name\":\"C\",\"isTrue\":false,\"Content\":[{\"children\":[{\"Text\":\"Technique\",\"Italic\":false,\"Bold\":false,\"Underline\":false}],\"Align\":null,\"NameStyle\":null,\"Type\":\"paragraph\",\"StartIndex\":2528,\"EndIndex\":2541}]},{\"Name\":\"D\",\"isTrue\":false,\"Content\":[{\"children\":[{\"Text\":\"Technologically\",\"Italic\":false,\"Bold\":false,\"Underline\":false}],\"Align\":null,\"NameStyle\":null,\"Type\":\"paragraph\",\"StartIndex\":2541,\"EndIndex\":2560}]}]','[{\"children\":[{\"Text\":\"Question #{index}. \",\"Italic\":false,\"Bold\":true,\"Underline\":false},{\"Text\":\" ____ innovation should promote green lifestyles and sustainable development.\",\"Italic\":false,\"Bold\":false,\"Underline\":false}],\"Align\":null,\"NameStyle\":null,\"Type\":\"paragraph\",\"StartIndex\":2407,\"EndIndex\":2497}]',NULL,'C',NULL,2,0,9,'2021-10-11 12:07:14.172249','2021-10-11 12:07:14.172249',NULL,NULL),('08d98c74-fd32-4526-8d91-de3a4807c8f7',NULL,NULL,NULL,NULL,NULL,NULL,NULL,1,'[{\"Name\":\"A\",\"isTrue\":false,\"Content\":[{\"children\":[{\"Text\":\"Advance\",\"Italic\":false,\"Bold\":false,\"Underline\":false}],\"Align\":null,\"NameStyle\":null,\"Type\":\"paragraph\",\"StartIndex\":2664,\"EndIndex\":2675}]},{\"Name\":\"B\",\"isTrue\":false,\"Content\":[{\"children\":[{\"Text\":\"Advent\",\"Italic\":false,\"Bold\":false,\"Underline\":false}],\"Align\":null,\"NameStyle\":null,\"Type\":\"paragraph\",\"StartIndex\":2675,\"EndIndex\":2685}]},{\"Name\":\"C\",\"isTrue\":false,\"Content\":[{\"children\":[{\"Text\":\"Advice\",\"Italic\":false,\"Bold\":false,\"Underline\":false}],\"Align\":null,\"NameStyle\":null,\"Type\":\"paragraph\",\"StartIndex\":2685,\"EndIndex\":2695}]},{\"Name\":\"D\",\"isTrue\":false,\"Content\":[{\"children\":[{\"Text\":\"Advantage\",\"Italic\":false,\"Bold\":false,\"Underline\":false}],\"Align\":null,\"NameStyle\":null,\"Type\":\"paragraph\",\"StartIndex\":2695,\"EndIndex\":2708}]}]','[{\"children\":[{\"Text\":\"Question #{index}. \",\"Italic\":false,\"Bold\":true,\"Underline\":false},{\"Text\":\" ____ is the coming or arrival of something or someone that is important or worthy of note.\",\"Italic\":false,\"Bold\":false,\"Underline\":false}],\"Align\":null,\"NameStyle\":null,\"Type\":\"paragraph\",\"StartIndex\":2560,\"EndIndex\":2664}]',NULL,'A',NULL,2,0,10,'2021-10-11 12:07:14.172249','2021-10-11 12:07:14.172249',NULL,NULL),('08d98c74-fd32-4565-8408-516278bae893',NULL,NULL,NULL,NULL,NULL,NULL,NULL,1,'[{\"Name\":\"A\",\"isTrue\":false,\"Content\":[{\"children\":[{\"Text\":\"Mass media\",\"Italic\":false,\"Bold\":false,\"Underline\":false}],\"Align\":null,\"NameStyle\":null,\"Type\":\"paragraph\",\"StartIndex\":2846,\"EndIndex\":2860}]},{\"Name\":\"B\",\"isTrue\":false,\"Content\":[{\"children\":[{\"Text\":\"Instant messaging \",\"Italic\":false,\"Bold\":false,\"Underline\":false}],\"Align\":null,\"NameStyle\":null,\"Type\":\"paragraph\",\"StartIndex\":2860,\"EndIndex\":2882}]},{\"Name\":\"C\",\"isTrue\":false,\"Content\":[{\"children\":[{\"Text\":\"Digital broadcasting\",\"Italic\":false,\"Bold\":false,\"Underline\":false}],\"Align\":null,\"NameStyle\":null,\"Type\":\"paragraph\",\"StartIndex\":2882,\"EndIndex\":2906}]},{\"Name\":\"D\",\"isTrue\":false,\"Content\":[{\"children\":[{\"Text\":\"Social networking\",\"Italic\":false,\"Bold\":false,\"Underline\":false}],\"Align\":null,\"NameStyle\":null,\"Type\":\"paragraph\",\"StartIndex\":2906,\"EndIndex\":2927}]}]','[{\"children\":[{\"Text\":\"Question #{index}. \",\"Italic\":false,\"Bold\":true,\"Underline\":false},{\"Text\":\" helps to expand the number of people\'s business and social contacts by making connections between individuals and companies.\",\"Italic\":false,\"Bold\":false,\"Underline\":false}],\"Align\":null,\"NameStyle\":null,\"Type\":\"paragraph\",\"StartIndex\":2708,\"EndIndex\":2846}]',NULL,'A',NULL,2,0,11,'2021-10-11 12:07:14.172249','2021-10-11 12:07:14.172249',NULL,NULL),('08d98c74-fd32-45bb-8e6f-d23ba3657961',NULL,NULL,NULL,NULL,NULL,NULL,NULL,1,'[{\"Name\":\"A\",\"isTrue\":false,\"Content\":[{\"children\":[{\"Text\":\"I also do.\",\"Italic\":false,\"Bold\":false,\"Underline\":false}],\"Align\":null,\"NameStyle\":null,\"Type\":\"paragraph\",\"StartIndex\":3135,\"EndIndex\":3149}]},{\"Name\":\"B\",\"isTrue\":false,\"Content\":[{\"children\":[{\"Text\":\"I am busy.\",\"Italic\":false,\"Bold\":false,\"Underline\":false}],\"Align\":null,\"NameStyle\":null,\"Type\":\"paragraph\",\"StartIndex\":3149,\"EndIndex\":3163}]},{\"Name\":\"C\",\"isTrue\":false,\"Content\":[{\"children\":[{\"Text\":\"Y es. But I closed it already.\",\"Italic\":false,\"Bold\":false,\"Underline\":false}],\"Align\":null,\"NameStyle\":null,\"Type\":\"paragraph\",\"StartIndex\":3163,\"EndIndex\":3197}]},{\"Name\":\"D\",\"isTrue\":false,\"Content\":[{\"children\":[{\"Text\":\"How come?\",\"Italic\":false,\"Bold\":false,\"Underline\":false}],\"Align\":null,\"NameStyle\":null,\"Type\":\"paragraph\",\"StartIndex\":3197,\"EndIndex\":3210}]}]','[{\"children\":[{\"Text\":\"Question #{index}. \",\"Italic\":false,\"Bold\":true,\"Underline\":false},{\"Text\":\" Daisy: \\\"Do you have any accounts on Facebook, Mary?\\\" Mary: \\\"\",\"Italic\":false,\"Bold\":false,\"Underline\":false}],\"Align\":null,\"NameStyle\":null,\"Type\":\"paragraph\",\"StartIndex\":3061,\"EndIndex\":3135}]',NULL,'C',NULL,2,0,0,'2021-10-11 12:07:14.172249','2021-10-11 12:07:14.172249',NULL,NULL),('08d98c74-fd32-45f7-8b09-bd9969ece3b4',NULL,NULL,NULL,NULL,NULL,NULL,NULL,1,'[{\"Name\":\"A\",\"isTrue\":false,\"Content\":[{\"children\":[{\"Text\":\"Certainly do\",\"Italic\":false,\"Bold\":false,\"Underline\":false}],\"Align\":null,\"NameStyle\":null,\"Type\":\"paragraph\",\"StartIndex\":3295,\"EndIndex\":3311}]},{\"Name\":\"B\",\"isTrue\":false,\"Content\":[{\"children\":[{\"Text\":\"I think that we should take short showers.\",\"Italic\":false,\"Bold\":false,\"Underline\":false}],\"Align\":null,\"NameStyle\":null,\"Type\":\"paragraph\",\"StartIndex\":3311,\"EndIndex\":3357}]},{\"Name\":\"C\",\"isTrue\":false,\"Content\":[{\"children\":[{\"Text\":\"I certainly do\",\"Italic\":false,\"Bold\":false,\"Underline\":false}],\"Align\":null,\"NameStyle\":null,\"Type\":\"paragraph\",\"StartIndex\":3357,\"EndIndex\":3375}]},{\"Name\":\"D\",\"isTrue\":false,\"Content\":[{\"children\":[{\"Text\":\"We shouldn\'t take short showers.\",\"Italic\":false,\"Bold\":false,\"Underline\":false}],\"Align\":null,\"NameStyle\":null,\"Type\":\"paragraph\",\"StartIndex\":3375,\"EndIndex\":3411}]}]','[{\"children\":[{\"Text\":\"Question #{index}. \",\"Italic\":false,\"Bold\":true,\"Underline\":false},{\"Text\":\" Mary: \\\"Daisy, what do you think are green activities at home?\\\" Daisy: \\\"\",\"Italic\":false,\"Bold\":false,\"Underline\":false}],\"Align\":null,\"NameStyle\":null,\"Type\":\"paragraph\",\"StartIndex\":3210,\"EndIndex\":3295}]',NULL,'B',NULL,2,0,1,'2021-10-11 12:07:14.172249','2021-10-11 12:07:14.172249',NULL,NULL),('08d98c74-fd32-464e-8782-1c74c869573f',NULL,NULL,NULL,NULL,NULL,NULL,NULL,1,'[{\"Name\":\"A\",\"isTrue\":false,\"Content\":[{\"children\":[{\"Text\":\"get rid of\",\"Italic\":false,\"Bold\":false,\"Underline\":false}],\"Align\":null,\"NameStyle\":null,\"Type\":\"paragraph\",\"StartIndex\":3675,\"EndIndex\":3689}]},{\"Name\":\"B\",\"isTrue\":false,\"Content\":[{\"children\":[{\"Text\":\"make use of\",\"Italic\":false,\"Bold\":false,\"Underline\":false}],\"Align\":null,\"NameStyle\":null,\"Type\":\"paragraph\",\"StartIndex\":3689,\"EndIndex\":3704}]},{\"Name\":\"C\",\"isTrue\":false,\"Content\":[{\"children\":[{\"Text\":\"fix\",\"Italic\":false,\"Bold\":false,\"Underline\":false}],\"Align\":null,\"NameStyle\":null,\"Type\":\"paragraph\",\"StartIndex\":3704,\"EndIndex\":3711}]},{\"Name\":\"D\",\"isTrue\":false,\"Content\":[{\"children\":[{\"Text\":\"decide\",\"Italic\":false,\"Bold\":false,\"Underline\":false}],\"Align\":null,\"NameStyle\":null,\"Type\":\"paragraph\",\"StartIndex\":3711,\"EndIndex\":3721}]}]','[{\"children\":[{\"Text\":\"Question #{index}. \",\"Italic\":false,\"Bold\":true,\"Underline\":false},{\"Text\":\" Scientists are becoming more and more concerned about how to \",\"Italic\":false,\"Bold\":false,\"Underline\":false},{\"Text\":\"dispose of\",\"Italic\":false,\"Bold\":true,\"Underline\":true},{\"Text\":\" waste safely.\",\"Italic\":false,\"Bold\":false,\"Underline\":false}],\"Align\":null,\"NameStyle\":null,\"Type\":\"paragraph\",\"StartIndex\":3576,\"EndIndex\":3675}]',NULL,'A',NULL,2,0,0,'2021-10-11 12:07:14.172249','2021-10-11 12:07:14.172249',NULL,NULL),('08d98c74-fd32-468f-8796-8bd104edbaf1',NULL,NULL,NULL,NULL,NULL,NULL,NULL,1,'[{\"Name\":\"A\",\"isTrue\":false,\"Content\":[{\"children\":[{\"Text\":\"a route for something to move along\",\"Italic\":false,\"Bold\":false,\"Underline\":false}],\"Align\":null,\"NameStyle\":null,\"Type\":\"paragraph\",\"StartIndex\":3820,\"EndIndex\":3859}]},{\"Name\":\"B\",\"isTrue\":false,\"Content\":[{\"children\":[{\"Text\":\"no route for something to move along\",\"Italic\":false,\"Bold\":false,\"Underline\":false}],\"Align\":null,\"NameStyle\":null,\"Type\":\"paragraph\",\"StartIndex\":3859,\"EndIndex\":3899}]},{\"Name\":\"C\",\"isTrue\":false,\"Content\":[{\"children\":[{\"Text\":\"a black substance\",\"Italic\":false,\"Bold\":false,\"Underline\":false}],\"Align\":null,\"NameStyle\":null,\"Type\":\"paragraph\",\"StartIndex\":3899,\"EndIndex\":3920}]},{\"Name\":\"D\",\"isTrue\":false,\"Content\":[{\"children\":[{\"Text\":\"a medical condition\",\"Italic\":false,\"Bold\":false,\"Underline\":false}],\"Align\":null,\"NameStyle\":null,\"Type\":\"paragraph\",\"StartIndex\":3920,\"EndIndex\":3943}]}]','[{\"children\":[{\"Text\":\"Question #{index}. \",\"Italic\":false,\"Bold\":true,\"Underline\":false},{\"Text\":\" A degree in environmental studies will be a great pathway towards a rewarding career.\",\"Italic\":false,\"Bold\":false,\"Underline\":false}],\"Align\":null,\"NameStyle\":null,\"Type\":\"paragraph\",\"StartIndex\":3721,\"EndIndex\":3820}]',NULL,'D',NULL,2,0,1,'2021-10-11 12:07:14.172249','2021-10-11 12:07:14.172249',NULL,NULL),('08d98c74-fd32-46da-8600-51bd03affbd2',NULL,NULL,NULL,NULL,NULL,NULL,NULL,1,'[{\"Name\":\"A\",\"isTrue\":false,\"Content\":[{\"children\":[{\"Text\":\"capable\",\"Italic\":false,\"Bold\":false,\"Underline\":false}],\"Align\":null,\"NameStyle\":null,\"Type\":\"paragraph\",\"StartIndex\":4213,\"EndIndex\":4224}]},{\"Name\":\"B\",\"isTrue\":false,\"Content\":[{\"children\":[{\"Text\":\"proficient\",\"Italic\":false,\"Bold\":false,\"Underline\":false}],\"Align\":null,\"NameStyle\":null,\"Type\":\"paragraph\",\"StartIndex\":4224,\"EndIndex\":4238}]},{\"Name\":\"C\",\"isTrue\":false,\"Content\":[{\"children\":[{\"Text\":\"ineffective\",\"Italic\":false,\"Bold\":false,\"Underline\":false}],\"Align\":null,\"NameStyle\":null,\"Type\":\"paragraph\",\"StartIndex\":4238,\"EndIndex\":4253}]},{\"Name\":\"D\",\"isTrue\":false,\"Content\":[{\"children\":[{\"Text\":\"effective\",\"Italic\":false,\"Bold\":false,\"Underline\":false}],\"Align\":null,\"NameStyle\":null,\"Type\":\"paragraph\",\"StartIndex\":4253,\"EndIndex\":4266}]}]','[{\"children\":[{\"Text\":\"Question #{index}. \",\"Italic\":false,\"Bold\":true,\"Underline\":false},{\"Text\":\" Online advertising is more efficient than TV ads because of the huge number of Internet users.\",\"Italic\":false,\"Bold\":false,\"Underline\":false}],\"Align\":null,\"NameStyle\":null,\"Type\":\"paragraph\",\"StartIndex\":4105,\"EndIndex\":4213}]',NULL,'D',NULL,2,0,0,'2021-10-11 12:07:14.172249','2021-10-11 12:07:14.172249',NULL,NULL),('08d98c74-fd32-471a-80cd-e376ef6ca509',NULL,NULL,NULL,NULL,NULL,NULL,NULL,1,'[{\"Name\":\"A\",\"isTrue\":false,\"Content\":[{\"children\":[{\"Text\":\"disappeared\",\"Italic\":false,\"Bold\":false,\"Underline\":false}],\"Align\":null,\"NameStyle\":null,\"Type\":\"paragraph\",\"StartIndex\":4314,\"EndIndex\":4329}]},{\"Name\":\"B\",\"isTrue\":false,\"Content\":[{\"children\":[{\"Text\":\"appeared\",\"Italic\":false,\"Bold\":false,\"Underline\":false}],\"Align\":null,\"NameStyle\":null,\"Type\":\"paragraph\",\"StartIndex\":4329,\"EndIndex\":4341}]},{\"Name\":\"C\",\"isTrue\":false,\"Content\":[{\"children\":[{\"Text\":\"came out\",\"Italic\":false,\"Bold\":false,\"Underline\":false}],\"Align\":null,\"NameStyle\":null,\"Type\":\"paragraph\",\"StartIndex\":4341,\"EndIndex\":4353}]},{\"Name\":\"D\",\"isTrue\":false,\"Content\":[{\"children\":[{\"Text\":\"began to be known or noticed.\",\"Italic\":false,\"Bold\":false,\"Underline\":false}],\"Align\":null,\"NameStyle\":null,\"Type\":\"paragraph\",\"StartIndex\":4353,\"EndIndex\":4386}]}]','[{\"children\":[{\"Text\":\"Question #{index}. \",\"Italic\":false,\"Bold\":true,\"Underline\":false},{\"Text\":\" The swimmer emerged from the lake.\",\"Italic\":false,\"Bold\":false,\"Underline\":false}],\"Align\":null,\"NameStyle\":null,\"Type\":\"paragraph\",\"StartIndex\":4266,\"EndIndex\":4314}]',NULL,'D',NULL,2,0,1,'2021-10-11 12:07:14.172249','2021-10-11 12:07:14.172249',NULL,NULL),('08d98c74-fd32-4766-8837-007cc1c4877d',NULL,NULL,NULL,NULL,NULL,NULL,NULL,1,'[{\"Name\":\"A\",\"isTrue\":false,\"Content\":[{\"children\":[{\"Text\":\"There were both advantages and disadvantages to this.\",\"Italic\":false,\"Bold\":false,\"Underline\":false}],\"Align\":null,\"NameStyle\":null,\"Type\":\"paragraph\",\"StartIndex\":4600,\"EndIndex\":4657}]},{\"Name\":\"B\",\"isTrue\":false,\"Content\":[{\"children\":[{\"Text\":\"There are both advantages and disadvantages to this.\",\"Italic\":false,\"Bold\":false,\"Underline\":false}],\"Align\":null,\"NameStyle\":null,\"Type\":\"paragraph\",\"StartIndex\":4657,\"EndIndex\":4713}]},{\"Name\":\"C\",\"isTrue\":false,\"Content\":[{\"children\":[{\"Text\":\"There are both benefits and drawbacks to this.\",\"Italic\":false,\"Bold\":false,\"Underline\":false}],\"Align\":null,\"NameStyle\":null,\"Type\":\"paragraph\",\"StartIndex\":4713,\"EndIndex\":4763}]},{\"Name\":\"D\",\"isTrue\":false,\"Content\":[{\"children\":[{\"Text\":\"There are both advantages and benefits to this.\",\"Italic\":false,\"Bold\":false,\"Underline\":false}],\"Align\":null,\"NameStyle\":null,\"Type\":\"paragraph\",\"StartIndex\":4763,\"EndIndex\":4814}]}]','[{\"children\":[{\"Text\":\"Question #{index}. \",\"Italic\":false,\"Bold\":true,\"Underline\":false},{\"Text\":\" There are both advantages and disadvantages to this.\",\"Italic\":false,\"Bold\":false,\"Underline\":false}],\"Align\":null,\"NameStyle\":null,\"Type\":\"paragraph\",\"StartIndex\":4534,\"EndIndex\":4600}]',NULL,'B',NULL,2,0,0,'2021-10-11 12:07:14.172249','2021-10-11 12:07:14.172249',NULL,NULL),('08d98c74-fd32-47ad-8ff2-f7d23901e468',NULL,NULL,NULL,NULL,NULL,NULL,NULL,1,'[{\"Name\":\"A\",\"isTrue\":false,\"Content\":[{\"children\":[{\"Text\":\"The pie chart below illustrates the forms of communication who are used by students in Intel Secondary School.\",\"Italic\":false,\"Bold\":false,\"Underline\":false}],\"Align\":null,\"NameStyle\":null,\"Type\":\"paragraph\",\"StartIndex\":4930,\"EndIndex\":5044}]},{\"Name\":\"B\",\"isTrue\":false,\"Content\":[{\"children\":[{\"Text\":\"The pie chart below illustrates the forms of communication which are used by students in Intel Secondary School.\",\"Italic\":false,\"Bold\":false,\"Underline\":false}],\"Align\":null,\"NameStyle\":null,\"Type\":\"paragraph\",\"StartIndex\":5044,\"EndIndex\":5160}]},{\"Name\":\"C\",\"isTrue\":false,\"Content\":[{\"children\":[{\"Text\":\"The pie chart below illustrates the forms of communication which are used by students in Intel Secondary School.\",\"Italic\":false,\"Bold\":false,\"Underline\":false}],\"Align\":null,\"NameStyle\":null,\"Type\":\"paragraph\",\"StartIndex\":5160,\"EndIndex\":5276}]},{\"Name\":\"D\",\"isTrue\":false,\"Content\":[{\"children\":[{\"Text\":\"The pie chart below illustrates the forms of communication, which are used by students in Intel Secondary School.\",\"Italic\":false,\"Bold\":false,\"Underline\":false}],\"Align\":null,\"NameStyle\":null,\"Type\":\"paragraph\",\"StartIndex\":5276,\"EndIndex\":5393}]}]','[{\"children\":[{\"Text\":\"Question #{index}. \",\"Italic\":false,\"Bold\":true,\"Underline\":false},{\"Text\":\" The pie chart below illustrates the forms of communication used by students in Intel Secondary School.\",\"Italic\":false,\"Bold\":false,\"Underline\":false}],\"Align\":null,\"NameStyle\":null,\"Type\":\"paragraph\",\"StartIndex\":4814,\"EndIndex\":4930}]',NULL,'B',NULL,2,0,1,'2021-10-11 12:07:14.172249','2021-10-11 12:07:14.172249',NULL,NULL),('08d98c74-fd32-47ea-8cd0-3f578889d6a6',NULL,NULL,NULL,NULL,NULL,NULL,NULL,1,'[{\"Name\":\"A\",\"isTrue\":false,\"Content\":[{\"children\":[{\"Text\":\"I don\'t like all of them\",\"Italic\":false,\"Bold\":false,\"Underline\":false}],\"Align\":null,\"NameStyle\":null,\"Type\":\"paragraph\",\"StartIndex\":5440,\"EndIndex\":5468}]},{\"Name\":\"B\",\"isTrue\":false,\"Content\":[{\"children\":[{\"Text\":\"I don\'t like either of those pictures\",\"Italic\":false,\"Bold\":false,\"Underline\":false}],\"Align\":null,\"NameStyle\":null,\"Type\":\"paragraph\",\"StartIndex\":5468,\"EndIndex\":5509}]},{\"Name\":\"C\",\"isTrue\":false,\"Content\":[{\"children\":[{\"Text\":\"I don\'t like neither of them\",\"Italic\":false,\"Bold\":false,\"Underline\":false}],\"Align\":null,\"NameStyle\":null,\"Type\":\"paragraph\",\"StartIndex\":5509,\"EndIndex\":5541}]},{\"Name\":\"D\",\"isTrue\":false,\"Content\":[{\"children\":[{\"Text\":\"I like either of those pictures\",\"Italic\":false,\"Bold\":false,\"Underline\":false}],\"Align\":null,\"NameStyle\":null,\"Type\":\"paragraph\",\"StartIndex\":5541,\"EndIndex\":5576}]}]','[{\"children\":[{\"Text\":\"Question #{index}. \",\"Italic\":false,\"Bold\":true,\"Underline\":false},{\"Text\":\" I like neither of those pictures.\",\"Italic\":false,\"Bold\":false,\"Underline\":false}],\"Align\":null,\"NameStyle\":null,\"Type\":\"paragraph\",\"StartIndex\":5393,\"EndIndex\":5440}]',NULL,'C',NULL,2,0,2,'2021-10-11 12:07:14.172249','2021-10-11 12:07:14.172249',NULL,NULL),('08d98c74-fd32-4843-8818-bb5d2096a820',NULL,NULL,NULL,NULL,NULL,NULL,NULL,1,'[{\"Name\":\"A\",\"isTrue\":false,\"Content\":[{\"children\":[{\"Text\":\"Some farmers still use old diesel trucks or they are aware of their high exhaust emissions.\",\"Italic\":false,\"Bold\":false,\"Underline\":false}],\"Align\":null,\"NameStyle\":null,\"Type\":\"paragraph\",\"StartIndex\":5824,\"EndIndex\":5919}]},{\"Name\":\"B\",\"isTrue\":false,\"Content\":[{\"children\":[{\"Text\":\"Some farmers still use old diesel trucks and they are aware of their high exhaust emissions.\",\"Italic\":false,\"Bold\":false,\"Underline\":false}],\"Align\":null,\"NameStyle\":null,\"Type\":\"paragraph\",\"StartIndex\":5919,\"EndIndex\":6015}]},{\"Name\":\"C\",\"isTrue\":false,\"Content\":[{\"children\":[{\"Text\":\"Some farmers still use old diesel trucks or they are aware of their high exhaust emissions.\",\"Italic\":false,\"Bold\":false,\"Underline\":false}],\"Align\":null,\"NameStyle\":null,\"Type\":\"paragraph\",\"StartIndex\":6015,\"EndIndex\":6110}]},{\"Name\":\"D\",\"isTrue\":false,\"Content\":[{\"children\":[{\"Text\":\"Some farmers still use old diesel trucks although they are aware of their high exhaust emissions.\",\"Italic\":false,\"Bold\":false,\"Underline\":false}],\"Align\":null,\"NameStyle\":null,\"Type\":\"paragraph\",\"StartIndex\":6110,\"EndIndex\":6211}]}]','[{\"children\":[{\"Text\":\"Question #{index}. \",\"Italic\":false,\"Bold\":true,\"Underline\":false},{\"Text\":\" Some farmers still use old diesel trucks. They are aware of their high exhaust emissions.\",\"Italic\":false,\"Bold\":false,\"Underline\":false}],\"Align\":null,\"NameStyle\":null,\"Type\":\"paragraph\",\"StartIndex\":5721,\"EndIndex\":5824}]',NULL,'B',NULL,2,0,0,'2021-10-11 12:07:14.172249','2021-10-11 12:07:14.172249',NULL,NULL),('08d98c74-fd32-4882-8b0a-86f0fa2ca9c9',NULL,NULL,NULL,NULL,NULL,NULL,NULL,1,'[{\"Name\":\"A\",\"isTrue\":false,\"Content\":[{\"children\":[{\"Text\":\"Modern household appliances make our life more convenient so that some of them are not eco-friendly and cause pollution.\",\"Italic\":false,\"Bold\":false,\"Underline\":false}],\"Align\":null,\"NameStyle\":null,\"Type\":\"paragraph\",\"StartIndex\":6338,\"EndIndex\":6462}]},{\"Name\":\"B\",\"isTrue\":false,\"Content\":[{\"children\":[{\"Text\":\"Modern household appliances make our life more convenient, which is not eco-friendly and causes pollution.\",\"Italic\":false,\"Bold\":false,\"Underline\":false}],\"Align\":null,\"NameStyle\":null,\"Type\":\"paragraph\",\"StartIndex\":6462,\"EndIndex\":6572}]},{\"Name\":\"C\",\"isTrue\":false,\"Content\":[{\"children\":[{\"Text\":\"Modern household appliances make our life more convenient, but some of them are not eco-friendly and cause pollution.\",\"Italic\":false,\"Bold\":false,\"Underline\":false}],\"Align\":null,\"NameStyle\":null,\"Type\":\"paragraph\",\"StartIndex\":6572,\"EndIndex\":6693}]},{\"Name\":\"D\",\"isTrue\":false,\"Content\":[{\"children\":[{\"Text\":\"Modern household appliances make our life more convenient, so some of them are not eco- friendly and cause pollution.\",\"Italic\":false,\"Bold\":false,\"Underline\":false}],\"Align\":null,\"NameStyle\":null,\"Type\":\"paragraph\",\"StartIndex\":6693,\"EndIndex\":6814}]}]','[{\"children\":[{\"Text\":\"Question #{index}. \",\"Italic\":false,\"Bold\":true,\"Underline\":false},{\"Text\":\" Modern household appliances make our life more convenient. Some of them are not eco-friendly and cause pollution.\",\"Italic\":false,\"Bold\":false,\"Underline\":false}],\"Align\":null,\"NameStyle\":null,\"Type\":\"paragraph\",\"StartIndex\":6211,\"EndIndex\":6338}]',NULL,'C',NULL,2,0,1,'2021-10-11 12:07:14.172249','2021-10-11 12:07:14.172249',NULL,NULL),('08d98c74-fd32-48df-8dc1-4b3c34e4334e',NULL,NULL,NULL,NULL,NULL,NULL,NULL,6,'[]','[{\"children\":[{\"Text\":\"There is now increasing concern about the world\'s energy (31)___ particularly about those involving fossil fuels. In less than a hundred years we shall probably exhaust all the present sources of oil and gas. The world\'s coal reserves should last longer but, once used, these cannot be (32)___. It is important, therefore, that we should develop such (33)____ sources of energy as solar energy and nuclear energy as well as water and wind (34) ____ (classed as renewable energy). Until these energy (35) ____ are widely used, it is important for the developed countries to reduce energy (36)____ as much as possible.\",\"Italic\":false,\"Bold\":false,\"Underline\":false}],\"Align\":\"JUSTIFY\",\"NameStyle\":null,\"Type\":\"paragraph\",\"StartIndex\":6979,\"EndIndex\":7596}]',NULL,NULL,NULL,2,1,0,'2021-10-11 12:07:14.172249','2021-10-11 12:07:14.172249',NULL,NULL),('08d98c74-fd32-4cde-803c-7b615c6f99e1',NULL,NULL,NULL,NULL,NULL,'08d98c74-fd32-48df-8dc1-4b3c34e4334e',NULL,1,'[{\"Name\":\"A\",\"isTrue\":false,\"Content\":[{\"children\":[{\"Text\":\"possessions\",\"Italic\":false,\"Bold\":false,\"Underline\":false}],\"Align\":null,\"NameStyle\":null,\"Type\":\"paragraph\",\"StartIndex\":7610,\"EndIndex\":7625}]},{\"Name\":\"B\",\"isTrue\":false,\"Content\":[{\"children\":[{\"Text\":\"resources\",\"Italic\":false,\"Bold\":false,\"Underline\":false}],\"Align\":null,\"NameStyle\":null,\"Type\":\"paragraph\",\"StartIndex\":7625,\"EndIndex\":7638}]},{\"Name\":\"C\",\"isTrue\":false,\"Content\":[{\"children\":[{\"Text\":\"no no no\",\"Italic\":false,\"Bold\":false,\"Underline\":false}],\"Align\":null,\"NameStyle\":null,\"Type\":\"paragraph\",\"StartIndex\":7638,\"EndIndex\":7650}]},{\"Name\":\"D\",\"isTrue\":false,\"Content\":[{\"children\":[{\"Text\":\"surprising\",\"Italic\":false,\"Bold\":false,\"Underline\":false}],\"Align\":null,\"NameStyle\":null,\"Type\":\"paragraph\",\"StartIndex\":7650,\"EndIndex\":7664}]}]','[{\"children\":[{\"Text\":\"Question #{index}. \",\"Italic\":false,\"Bold\":true,\"Underline\":false},{\"Text\":\" \",\"Italic\":false,\"Bold\":false,\"Underline\":false}],\"Align\":null,\"NameStyle\":null,\"Type\":\"paragraph\",\"StartIndex\":7596,\"EndIndex\":7610}]',NULL,'A',NULL,2,0,0,'2021-10-11 12:07:14.172249','2021-10-11 12:07:14.172249',NULL,NULL),('08d98c74-fd32-4f51-8afb-a086955fbe0d',NULL,NULL,NULL,NULL,NULL,'08d98c74-fd32-48df-8dc1-4b3c34e4334e',NULL,1,'[{\"Name\":\"A\",\"isTrue\":false,\"Content\":[{\"children\":[{\"Text\":\"updated\",\"Italic\":false,\"Bold\":false,\"Underline\":false}],\"Align\":null,\"NameStyle\":null,\"Type\":\"paragraph\",\"StartIndex\":7678,\"EndIndex\":7689}]},{\"Name\":\"B\",\"isTrue\":false,\"Content\":[{\"children\":[{\"Text\":\"repeated\",\"Italic\":false,\"Bold\":false,\"Underline\":false}],\"Align\":null,\"NameStyle\":null,\"Type\":\"paragraph\",\"StartIndex\":7689,\"EndIndex\":7701}]},{\"Name\":\"C\",\"isTrue\":false,\"Content\":[{\"children\":[{\"Text\":\"renewed\",\"Italic\":false,\"Bold\":false,\"Underline\":false}],\"Align\":null,\"NameStyle\":null,\"Type\":\"paragraph\",\"StartIndex\":7701,\"EndIndex\":7712}]},{\"Name\":\"D\",\"isTrue\":false,\"Content\":[{\"children\":[{\"Text\":\"produced\",\"Italic\":false,\"Bold\":false,\"Underline\":false}],\"Align\":null,\"NameStyle\":null,\"Type\":\"paragraph\",\"StartIndex\":7712,\"EndIndex\":7724}]}]','[{\"children\":[{\"Text\":\"Question #{index}. \",\"Italic\":false,\"Bold\":true,\"Underline\":false},{\"Text\":\" \",\"Italic\":false,\"Bold\":false,\"Underline\":false}],\"Align\":null,\"NameStyle\":null,\"Type\":\"paragraph\",\"StartIndex\":7664,\"EndIndex\":7678}]',NULL,'B',NULL,2,0,1,'2021-10-11 12:07:14.172249','2021-10-11 12:07:14.172249',NULL,NULL),('08d98c74-fd32-4fb5-8d3f-e60bdc652a6e',NULL,NULL,NULL,NULL,NULL,'08d98c74-fd32-48df-8dc1-4b3c34e4334e',NULL,1,'[{\"Name\":\"A\",\"isTrue\":false,\"Content\":[{\"children\":[{\"Text\":\"traditional\",\"Italic\":false,\"Bold\":false,\"Underline\":false}],\"Align\":null,\"NameStyle\":null,\"Type\":\"paragraph\",\"StartIndex\":7737,\"EndIndex\":7752}]},{\"Name\":\"B\",\"isTrue\":false,\"Content\":[{\"children\":[{\"Text\":\"alternative\",\"Italic\":false,\"Bold\":false,\"Underline\":false}],\"Align\":null,\"NameStyle\":null,\"Type\":\"paragraph\",\"StartIndex\":7752,\"EndIndex\":7767}]},{\"Name\":\"C\",\"isTrue\":false,\"Content\":[{\"children\":[{\"Text\":\"revolutionary\",\"Italic\":false,\"Bold\":false,\"Underline\":false}],\"Align\":null,\"NameStyle\":null,\"Type\":\"paragraph\",\"StartIndex\":7767,\"EndIndex\":7784}]},{\"Name\":\"D\",\"isTrue\":false,\"Content\":[{\"children\":[{\"Text\":\"surprising\",\"Italic\":false,\"Bold\":false,\"Underline\":false}],\"Align\":null,\"NameStyle\":null,\"Type\":\"paragraph\",\"StartIndex\":7784,\"EndIndex\":7798}]}]','[{\"children\":[{\"Text\":\"Question #{index}. \",\"Italic\":false,\"Bold\":true,\"Underline\":false}],\"Align\":null,\"NameStyle\":null,\"Type\":\"paragraph\",\"StartIndex\":7724,\"EndIndex\":7737}]',NULL,'B',NULL,2,0,2,'2021-10-11 12:07:14.172249','2021-10-11 12:07:14.172249',NULL,NULL),('08d98c74-fd32-4ff8-86c8-d11365ac69ad',NULL,NULL,NULL,NULL,NULL,'08d98c74-fd32-48df-8dc1-4b3c34e4334e',NULL,1,'[{\"Name\":\"A\",\"isTrue\":false,\"Content\":[{\"children\":[{\"Text\":\"force\",\"Italic\":false,\"Bold\":false,\"Underline\":false}],\"Align\":null,\"NameStyle\":null,\"Type\":\"paragraph\",\"StartIndex\":7812,\"EndIndex\":7821}]},{\"Name\":\"B\",\"isTrue\":false,\"Content\":[{\"children\":[{\"Text\":\"strength\",\"Italic\":false,\"Bold\":false,\"Underline\":false}],\"Align\":null,\"NameStyle\":null,\"Type\":\"paragraph\",\"StartIndex\":7821,\"EndIndex\":7833}]},{\"Name\":\"C\",\"isTrue\":false,\"Content\":[{\"children\":[{\"Text\":\"power\",\"Italic\":false,\"Bold\":false,\"Underline\":false}],\"Align\":null,\"NameStyle\":null,\"Type\":\"paragraph\",\"StartIndex\":7833,\"EndIndex\":7842}]},{\"Name\":\"D\",\"isTrue\":false,\"Content\":[{\"children\":[{\"Text\":\"motion\",\"Italic\":false,\"Bold\":false,\"Underline\":false}],\"Align\":null,\"NameStyle\":null,\"Type\":\"paragraph\",\"StartIndex\":7842,\"EndIndex\":7852}]}]','[{\"children\":[{\"Text\":\"Question #{index}. \",\"Italic\":false,\"Bold\":true,\"Underline\":false},{\"Text\":\" \",\"Italic\":false,\"Bold\":false,\"Underline\":false}],\"Align\":null,\"NameStyle\":null,\"Type\":\"paragraph\",\"StartIndex\":7798,\"EndIndex\":7812}]',NULL,'C',NULL,2,0,3,'2021-10-11 12:07:14.172249','2021-10-11 12:07:14.172249',NULL,NULL),('08d98c74-fd33-4023-88dd-d5b6b55c72e1',NULL,NULL,NULL,NULL,NULL,'08d98c74-fd32-48df-8dc1-4b3c34e4334e',NULL,1,'[{\"Name\":\"A\",\"isTrue\":false,\"Content\":[{\"children\":[{\"Text\":\"goods\",\"Italic\":false,\"Bold\":false,\"Underline\":false}],\"Align\":null,\"NameStyle\":null,\"Type\":\"paragraph\",\"StartIndex\":7866,\"EndIndex\":7875}]},{\"Name\":\"B\",\"isTrue\":false,\"Content\":[{\"children\":[{\"Text\":\"supplies\",\"Italic\":false,\"Bold\":false,\"Underline\":false}],\"Align\":null,\"NameStyle\":null,\"Type\":\"paragraph\",\"StartIndex\":7875,\"EndIndex\":7887}]},{\"Name\":\"C\",\"isTrue\":false,\"Content\":[{\"children\":[{\"Text\":\"provisions\",\"Italic\":false,\"Bold\":false,\"Underline\":false}],\"Align\":null,\"NameStyle\":null,\"Type\":\"paragraph\",\"StartIndex\":7887,\"EndIndex\":7901}]},{\"Name\":\"D\",\"isTrue\":false,\"Content\":[{\"children\":[{\"Text\":\"materials\",\"Italic\":false,\"Bold\":false,\"Underline\":false}],\"Align\":null,\"NameStyle\":null,\"Type\":\"paragraph\",\"StartIndex\":7901,\"EndIndex\":7914}]}]','[{\"children\":[{\"Text\":\"Question #{index}. \",\"Italic\":false,\"Bold\":true,\"Underline\":false}],\"Align\":null,\"NameStyle\":null,\"Type\":\"paragraph\",\"StartIndex\":7852,\"EndIndex\":7866}]',NULL,'C',NULL,2,0,4,'2021-10-11 12:07:14.172249','2021-10-11 12:07:14.172249',NULL,NULL),('08d98c74-fd33-4047-8dd7-af0c098f86c4',NULL,NULL,NULL,NULL,NULL,'08d98c74-fd32-48df-8dc1-4b3c34e4334e',NULL,1,'[{\"Name\":\"A\",\"isTrue\":false,\"Content\":[{\"children\":[{\"Text\":\"exhaustion\",\"Italic\":false,\"Bold\":false,\"Underline\":false}],\"Align\":null,\"NameStyle\":null,\"Type\":\"paragraph\",\"StartIndex\":7928,\"EndIndex\":7942}]},{\"Name\":\"B\",\"isTrue\":false,\"Content\":[{\"children\":[{\"Text\":\"destruction\",\"Italic\":false,\"Bold\":false,\"Underline\":false}],\"Align\":null,\"NameStyle\":null,\"Type\":\"paragraph\",\"StartIndex\":7942,\"EndIndex\":7957}]},{\"Name\":\"C\",\"isTrue\":false,\"Content\":[{\"children\":[{\"Text\":\"waste\",\"Italic\":false,\"Bold\":false,\"Underline\":false}],\"Align\":null,\"NameStyle\":null,\"Type\":\"paragraph\",\"StartIndex\":7957,\"EndIndex\":7966}]},{\"Name\":\"D\",\"isTrue\":false,\"Content\":[{\"children\":[{\"Text\":\"consumption\",\"Italic\":false,\"Bold\":false,\"Underline\":false}],\"Align\":null,\"NameStyle\":null,\"Type\":\"paragraph\",\"StartIndex\":7966,\"EndIndex\":7981}]}]','[{\"children\":[{\"Text\":\"Question #{index}. \",\"Italic\":false,\"Bold\":true,\"Underline\":false},{\"Text\":\" \",\"Italic\":false,\"Bold\":false,\"Underline\":false}],\"Align\":null,\"NameStyle\":null,\"Type\":\"paragraph\",\"StartIndex\":7914,\"EndIndex\":7928}]',NULL,'D',NULL,2,0,5,'2021-10-11 12:07:14.172249','2021-10-11 12:07:14.172249',NULL,NULL),('08d98c74-fd33-40a0-8b3a-55f54b44adf1',NULL,NULL,NULL,NULL,NULL,NULL,NULL,5,'[]','[{\"children\":[{\"Text\":\"In order to request telephone service in the United States, either call or visit your local telephone store. A sales representative will be glad to show you samples of the designs and colors available. Simply choose the design and color that you prefer, and leave your name, address, and employer\'s name with the sales representative. Students with scholarships should provide their sponsor\'s name instead of an employer\'s name. A fifty-dollar security deposit must be paid prior to telephone installation, and may be made by check cash, Mastercard, or Visa. On the date that your telephone is to be installed, a responsible person, such as an apartment manager, must be at home to unlock the door for the serviceman.\",\"Italic\":false,\"Bold\":false,\"Underline\":false}],\"Align\":\"JUSTIFY\",\"NameStyle\":null,\"Type\":\"paragraph\",\"StartIndex\":8119,\"EndIndex\":8837}]',NULL,NULL,NULL,2,1,0,'2021-10-11 12:07:14.172249','2021-10-11 12:07:14.172249',NULL,NULL),('08d98c74-fd33-40fe-87e8-dfe9d4b4de35',NULL,NULL,NULL,NULL,NULL,'08d98c74-fd33-40a0-8b3a-55f54b44adf1',NULL,1,'[{\"Name\":\"A\",\"isTrue\":false,\"Content\":[{\"children\":[{\"Text\":\"to persuade\",\"Italic\":false,\"Bold\":false,\"Underline\":false}],\"Align\":null,\"NameStyle\":null,\"Type\":\"paragraph\",\"StartIndex\":8881,\"EndIndex\":8896}]},{\"Name\":\"B\",\"isTrue\":false,\"Content\":[{\"children\":[{\"Text\":\"to correspond\",\"Italic\":false,\"Bold\":false,\"Underline\":false}],\"Align\":null,\"NameStyle\":null,\"Type\":\"paragraph\",\"StartIndex\":8896,\"EndIndex\":8913}]},{\"Name\":\"C\",\"isTrue\":false,\"Content\":[{\"children\":[{\"Text\":\"to inform\",\"Italic\":false,\"Bold\":false,\"Underline\":false}],\"Align\":null,\"NameStyle\":null,\"Type\":\"paragraph\",\"StartIndex\":8913,\"EndIndex\":8926}]},{\"Name\":\"D\",\"isTrue\":false,\"Content\":[{\"children\":[{\"Text\":\"to entertain\",\"Italic\":false,\"Bold\":false,\"Underline\":false}],\"Align\":null,\"NameStyle\":null,\"Type\":\"paragraph\",\"StartIndex\":8926,\"EndIndex\":8942}]}]','[{\"children\":[{\"Text\":\"Question #{index}. \",\"Italic\":false,\"Bold\":true,\"Underline\":false},{\"Text\":\" The purpose of this passage is\",\"Italic\":false,\"Bold\":false,\"Underline\":false}],\"Align\":null,\"NameStyle\":null,\"Type\":\"paragraph\",\"StartIndex\":8837,\"EndIndex\":8881}]',NULL,'D',NULL,2,0,0,'2021-10-11 12:07:14.172249','2021-10-11 12:07:14.172249',NULL,NULL),('08d98c74-fd33-4123-87b1-3a13431350cf',NULL,NULL,NULL,NULL,NULL,'08d98c74-fd33-40a0-8b3a-55f54b44adf1',NULL,1,'[{\"Name\":\"A\",\"isTrue\":false,\"Content\":[{\"children\":[{\"Text\":\"A sales representative\",\"Italic\":false,\"Bold\":false,\"Underline\":false}],\"Align\":null,\"NameStyle\":null,\"Type\":\"paragraph\",\"StartIndex\":9015,\"EndIndex\":9041}]},{\"Name\":\"B\",\"isTrue\":false,\"Content\":[{\"children\":[{\"Text\":\"A serviceman\",\"Italic\":false,\"Bold\":false,\"Underline\":false}],\"Align\":null,\"NameStyle\":null,\"Type\":\"paragraph\",\"StartIndex\":9041,\"EndIndex\":9057}]},{\"Name\":\"C\",\"isTrue\":false,\"Content\":[{\"children\":[{\"Text\":\"A manager\",\"Italic\":false,\"Bold\":false,\"Underline\":false}],\"Align\":null,\"NameStyle\":null,\"Type\":\"paragraph\",\"StartIndex\":9057,\"EndIndex\":9070}]},{\"Name\":\"D\",\"isTrue\":false,\"Content\":[{\"children\":[{\"Text\":\"An employer\",\"Italic\":false,\"Bold\":false,\"Underline\":false}],\"Align\":null,\"NameStyle\":null,\"Type\":\"paragraph\",\"StartIndex\":9070,\"EndIndex\":9085}]}]','[{\"children\":[{\"Text\":\"Question #{index}. \",\"Italic\":false,\"Bold\":true,\"Underline\":false},{\"Text\":\" According to this passage, who will install your telephone?\",\"Italic\":false,\"Bold\":false,\"Underline\":false}],\"Align\":null,\"NameStyle\":null,\"Type\":\"paragraph\",\"StartIndex\":8942,\"EndIndex\":9015}]',NULL,'D',NULL,2,0,1,'2021-10-11 12:07:14.172249','2021-10-11 12:07:14.172249',NULL,NULL),('08d98c74-fd33-4146-8387-5d7f22a1224c',NULL,NULL,NULL,NULL,NULL,'08d98c74-fd33-40a0-8b3a-55f54b44adf1',NULL,1,'[{\"Name\":\"A\",\"isTrue\":false,\"Content\":[{\"children\":[{\"Text\":\"Call or visit a telephone store.\",\"Italic\":false,\"Bold\":false,\"Underline\":false}],\"Align\":null,\"NameStyle\":null,\"Type\":\"paragraph\",\"StartIndex\":9186,\"EndIndex\":9222}]},{\"Name\":\"B\",\"isTrue\":false,\"Content\":[{\"children\":[{\"Text\":\"Leave information with a sales representative.\",\"Italic\":false,\"Bold\":false,\"Underline\":false}],\"Align\":null,\"NameStyle\":null,\"Type\":\"paragraph\",\"StartIndex\":9222,\"EndIndex\":9272}]},{\"Name\":\"C\",\"isTrue\":false,\"Content\":[{\"children\":[{\"Text\":\"Give the serviceman a key to your apartment.\",\"Italic\":false,\"Bold\":false,\"Underline\":false}],\"Align\":null,\"NameStyle\":null,\"Type\":\"paragraph\",\"StartIndex\":9272,\"EndIndex\":9320}]},{\"Name\":\"D\",\"isTrue\":false,\"Content\":[{\"children\":[{\"Text\":\"Pay a fifty-dollar security deposit.\",\"Italic\":false,\"Bold\":false,\"Underline\":false}],\"Align\":null,\"NameStyle\":null,\"Type\":\"paragraph\",\"StartIndex\":9320,\"EndIndex\":9360}]}]','[{\"children\":[{\"Text\":\"Question #{index}. \",\"Italic\":false,\"Bold\":true,\"Underline\":false},{\"Text\":\" The author mentions all of the following as steps for securing telephone service EXCEPT\",\"Italic\":false,\"Bold\":false,\"Underline\":false}],\"Align\":null,\"NameStyle\":null,\"Type\":\"paragraph\",\"StartIndex\":9085,\"EndIndex\":9186}]',NULL,'D',NULL,2,0,2,'2021-10-11 12:07:14.172249','2021-10-11 12:07:14.172249',NULL,NULL),('08d98c74-fd33-4168-8d80-e91d822d619e',NULL,NULL,NULL,NULL,NULL,'08d98c74-fd33-40a0-8b3a-55f54b44adf1',NULL,1,'[{\"Name\":\"A\",\"isTrue\":false,\"Content\":[{\"children\":[{\"Text\":\"there is more than one kind of telephone\",\"Italic\":false,\"Bold\":false,\"Underline\":false}],\"Align\":null,\"NameStyle\":null,\"Type\":\"paragraph\",\"StartIndex\":9409,\"EndIndex\":9453}]},{\"Name\":\"B\",\"isTrue\":false,\"Content\":[{\"children\":[{\"Text\":\"the person requesting telephone service must be at home when it is installed\",\"Italic\":false,\"Bold\":false,\"Underline\":false}],\"Align\":null,\"NameStyle\":null,\"Type\":\"paragraph\",\"StartIndex\":9453,\"EndIndex\":9533}]},{\"Name\":\"C\",\"isTrue\":false,\"Content\":[{\"children\":[{\"Text\":\"students may not request telephone service\",\"Italic\":false,\"Bold\":false,\"Underline\":false}],\"Align\":null,\"NameStyle\":null,\"Type\":\"paragraph\",\"StartIndex\":9533,\"EndIndex\":9579}]},{\"Name\":\"D\",\"isTrue\":false,\"Content\":[{\"children\":[{\"Text\":\"credit cards may not be used to pay for security deposits\",\"Italic\":false,\"Bold\":false,\"Underline\":false}],\"Align\":null,\"NameStyle\":null,\"Type\":\"paragraph\",\"StartIndex\":9579,\"EndIndex\":9640}]}]','[{\"children\":[{\"Text\":\"Question #{index}. \",\"Italic\":false,\"Bold\":true,\"Underline\":false},{\"Text\":\" We can infer from this passage that\",\"Italic\":false,\"Bold\":false,\"Underline\":false}],\"Align\":null,\"NameStyle\":null,\"Type\":\"paragraph\",\"StartIndex\":9360,\"EndIndex\":9409}]',NULL,'C',NULL,2,0,3,'2021-10-11 12:07:14.172249','2021-10-11 12:07:14.172249',NULL,NULL),('08d98c74-fd33-418c-89bd-dfcf971f66ea',NULL,NULL,NULL,NULL,NULL,'08d98c74-fd33-40a0-8b3a-55f54b44adf1',NULL,1,'[{\"Name\":\"A\",\"isTrue\":false,\"Content\":[{\"children\":[{\"Text\":\"Students with no scholarship\",\"Italic\":false,\"Bold\":false,\"Underline\":false}],\"Align\":null,\"NameStyle\":null,\"Type\":\"paragraph\",\"StartIndex\":9724,\"EndIndex\":9756}]},{\"Name\":\"B\",\"isTrue\":false,\"Content\":[{\"children\":[{\"Text\":\"Students with scholarships\",\"Italic\":false,\"Bold\":false,\"Underline\":false}],\"Align\":null,\"NameStyle\":null,\"Type\":\"paragraph\",\"StartIndex\":9756,\"EndIndex\":9786}]},{\"Name\":\"C\",\"isTrue\":false,\"Content\":[{\"children\":[{\"Text\":\"A sales representative\",\"Italic\":false,\"Bold\":false,\"Underline\":false}],\"Align\":null,\"NameStyle\":null,\"Type\":\"paragraph\",\"StartIndex\":9786,\"EndIndex\":9812}]},{\"Name\":\"D\",\"isTrue\":false,\"Content\":[{\"children\":[{\"Text\":\"A serviceman\",\"Italic\":false,\"Bold\":false,\"Underline\":false}],\"Align\":null,\"NameStyle\":null,\"Type\":\"paragraph\",\"StartIndex\":9812,\"EndIndex\":9828}]}]','[{\"children\":[{\"Text\":\"Question #{index}. \",\"Italic\":false,\"Bold\":true,\"Underline\":false},{\"Text\":\" Who should provide their sponsor\'s name instead of an employer\'s name?\",\"Italic\":false,\"Bold\":false,\"Underline\":false}],\"Align\":null,\"NameStyle\":null,\"Type\":\"paragraph\",\"StartIndex\":9640,\"EndIndex\":9724}]',NULL,'B',NULL,2,0,4,'2021-10-11 12:07:14.172249','2021-10-11 12:07:14.172249',NULL,NULL),('08d98c74-fd33-41c1-8311-42b9157680c1',NULL,NULL,NULL,NULL,NULL,NULL,NULL,9,'[]','[{\"children\":[{\"Text\":\"A solar eclipse occurs when the Moon moves in front of the Sun and hides at least some part of the Sun from the earth. In a partial eclipse, the Moon covers part of the Sun; in an annular eclipse, the Moon covers the center of the Sun, leaving a bright ring of light around the Moon; in a total eclipse, the Sun is completely covered by the Moon.\",\"Italic\":false,\"Bold\":false,\"Underline\":false}],\"Align\":\"JUSTIFY\",\"NameStyle\":null,\"Type\":\"paragraph\",\"StartIndex\":9966,\"EndIndex\":10313},{\"children\":[{\"Text\":\"It seems rather improbable that a celestial body the size of the Moon could completely block out the tremendously immense Sun, as happens during a total eclipse, but this is exactly what happens. Although the Moon is considerably smaller in size than the Sun, the Moon is able to cover the Sun because of their relative distances from Earth. A total eclipse can last up to 7 minutes, during which time the Moon\'s shadow moves across Earth at a rate of about 6 kilometers per second. \",\"Italic\":false,\"Bold\":false,\"Underline\":false}],\"Align\":\"JUSTIFY\",\"NameStyle\":null,\"Type\":\"paragraph\",\"StartIndex\":10313,\"EndIndex\":10797}]',NULL,NULL,NULL,2,1,0,'2021-10-11 12:07:14.172249','2021-10-11 12:07:14.172249',NULL,NULL),('08d98c74-fd33-4220-8caa-c7f097eb4f07',NULL,NULL,NULL,NULL,NULL,'08d98c74-fd33-41c1-8311-42b9157680c1',NULL,1,'[{\"Name\":\"A\",\"isTrue\":false,\"Content\":[{\"children\":[{\"Text\":\"describes how long an eclipse will last\",\"Italic\":false,\"Bold\":false,\"Underline\":false}],\"Align\":null,\"NameStyle\":null,\"Type\":\"paragraph\",\"StartIndex\":10830,\"EndIndex\":10873}]},{\"Name\":\"B\",\"isTrue\":false,\"Content\":[{\"children\":[{\"Text\":\"gives facts about the Moon\",\"Italic\":false,\"Bold\":false,\"Underline\":false}],\"Align\":null,\"NameStyle\":null,\"Type\":\"paragraph\",\"StartIndex\":10873,\"EndIndex\":10903}]},{\"Name\":\"C\",\"isTrue\":false,\"Content\":[{\"children\":[{\"Text\":\"explains how the Sun is able to obscure the Moon\",\"Italic\":false,\"Bold\":false,\"Underline\":false}],\"Align\":null,\"NameStyle\":null,\"Type\":\"paragraph\",\"StartIndex\":10903,\"EndIndex\":10955}]},{\"Name\":\"D\",\"isTrue\":false,\"Content\":[{\"children\":[{\"Text\":\"informs the reader about solar eclipses\",\"Italic\":false,\"Bold\":false,\"Underline\":false}],\"Align\":null,\"NameStyle\":null,\"Type\":\"paragraph\",\"StartIndex\":10955,\"EndIndex\":10998}]}]','[{\"children\":[{\"Text\":\"Question #{index}. \",\"Italic\":false,\"Bold\":true,\"Underline\":false},{\"Text\":\" This passage mainly\",\"Italic\":false,\"Bold\":false,\"Underline\":false}],\"Align\":\"JUSTIFY\",\"NameStyle\":null,\"Type\":\"paragraph\",\"StartIndex\":10797,\"EndIndex\":10830}]',NULL,'B',NULL,2,0,0,'2021-10-11 12:07:14.172249','2021-10-11 12:07:14.172249',NULL,NULL),('08d98c74-fd33-424e-84d3-84fcccec7c01',NULL,NULL,NULL,NULL,NULL,'08d98c74-fd33-41c1-8311-42b9157680c1',NULL,1,'[{\"Name\":\"A\",\"isTrue\":false,\"Content\":[{\"children\":[{\"Text\":\"A partial eclipse\",\"Italic\":false,\"Bold\":false,\"Underline\":false}],\"Align\":null,\"NameStyle\":null,\"Type\":\"paragraph\",\"StartIndex\":11073,\"EndIndex\":11094}]},{\"Name\":\"B\",\"isTrue\":false,\"Content\":[{\"children\":[{\"Text\":\"An annular eclipse\",\"Italic\":false,\"Bold\":false,\"Underline\":false}],\"Align\":null,\"NameStyle\":null,\"Type\":\"paragraph\",\"StartIndex\":11094,\"EndIndex\":11116}]},{\"Name\":\"C\",\"isTrue\":false,\"Content\":[{\"children\":[{\"Text\":\"A total eclipse\",\"Italic\":false,\"Bold\":false,\"Underline\":false}],\"Align\":null,\"NameStyle\":null,\"Type\":\"paragraph\",\"StartIndex\":11116,\"EndIndex\":11135}]},{\"Name\":\"D\",\"isTrue\":false,\"Content\":[{\"children\":[{\"Text\":\"A celestial eclipse\",\"Italic\":false,\"Bold\":false,\"Underline\":false}],\"Align\":null,\"NameStyle\":null,\"Type\":\"paragraph\",\"StartIndex\":11135,\"EndIndex\":11158}]}]','[{\"children\":[{\"Text\":\"Question #{index}. \",\"Italic\":false,\"Bold\":true,\"Underline\":false},{\"Text\":\" In which type of eclipse is the Sun obscured in its entirety?\",\"Italic\":false,\"Bold\":false,\"Underline\":false}],\"Align\":null,\"NameStyle\":null,\"Type\":\"paragraph\",\"StartIndex\":10998,\"EndIndex\":11073}]',NULL,'D',NULL,2,0,1,'2021-10-11 12:07:14.172249','2021-10-11 12:07:14.172249',NULL,NULL),('08d98c74-fd33-4272-8b88-75fb5af299a2',NULL,NULL,NULL,NULL,NULL,'08d98c74-fd33-41c1-8311-42b9157680c1',NULL,1,'[{\"Name\":\"A\",\"isTrue\":false,\"Content\":[{\"children\":[{\"Text\":\"piece of gold\",\"Italic\":false,\"Bold\":false,\"Underline\":false}],\"Align\":null,\"NameStyle\":null,\"Type\":\"paragraph\",\"StartIndex\":11213,\"EndIndex\":11230}]},{\"Name\":\"B\",\"isTrue\":false,\"Content\":[{\"children\":[{\"Text\":\"circle\",\"Italic\":false,\"Bold\":false,\"Underline\":false}],\"Align\":null,\"NameStyle\":null,\"Type\":\"paragraph\",\"StartIndex\":11230,\"EndIndex\":11240}]},{\"Name\":\"C\",\"isTrue\":false,\"Content\":[{\"children\":[{\"Text\":\"jewel\",\"Italic\":false,\"Bold\":false,\"Underline\":false}],\"Align\":null,\"NameStyle\":null,\"Type\":\"paragraph\",\"StartIndex\":11240,\"EndIndex\":11249}]},{\"Name\":\"D\",\"isTrue\":false,\"Content\":[{\"children\":[{\"Text\":\"bell\",\"Italic\":false,\"Bold\":false,\"Underline\":false}],\"Align\":null,\"NameStyle\":null,\"Type\":\"paragraph\",\"StartIndex\":11249,\"EndIndex\":11257}]}]','[{\"children\":[{\"Text\":\"Question #{index}. \",\"Italic\":false,\"Bold\":true,\"Underline\":false},{\"Text\":\" The word \\\"ring\\\" could best be replaced by\",\"Italic\":false,\"Bold\":false,\"Underline\":false}],\"Align\":null,\"NameStyle\":null,\"Type\":\"paragraph\",\"StartIndex\":11158,\"EndIndex\":11213}]',NULL,'C',NULL,2,0,2,'2021-10-11 12:07:14.172249','2021-10-11 12:07:14.172249',NULL,NULL),('08d98c74-fd33-4299-879a-035d0e1fa2b9',NULL,NULL,NULL,NULL,NULL,'08d98c74-fd33-41c1-8311-42b9157680c1',NULL,1,'[{\"Name\":\"A\",\"isTrue\":false,\"Content\":[{\"children\":[{\"Text\":\"somewhere in the sky\",\"Italic\":false,\"Bold\":false,\"Underline\":false}],\"Align\":null,\"NameStyle\":null,\"Type\":\"paragraph\",\"StartIndex\":11324,\"EndIndex\":11348}]},{\"Name\":\"B\",\"isTrue\":false,\"Content\":[{\"children\":[{\"Text\":\"within the Moon\'s shadow\",\"Italic\":false,\"Bold\":false,\"Underline\":false}],\"Align\":null,\"NameStyle\":null,\"Type\":\"paragraph\",\"StartIndex\":11348,\"EndIndex\":11376}]},{\"Name\":\"C\",\"isTrue\":false,\"Content\":[{\"children\":[{\"Text\":\"on the surface of the Sun\",\"Italic\":false,\"Bold\":false,\"Underline\":false}],\"Align\":null,\"NameStyle\":null,\"Type\":\"paragraph\",\"StartIndex\":11376,\"EndIndex\":11405}]},{\"Name\":\"D\",\"isTrue\":false,\"Content\":[{\"children\":[{\"Text\":\"inside Earth\'s atmosphere\",\"Italic\":false,\"Bold\":false,\"Underline\":false}],\"Align\":null,\"NameStyle\":null,\"Type\":\"paragraph\",\"StartIndex\":11405,\"EndIndex\":11434}]}]','[{\"children\":[{\"Text\":\"Question #{index}. \",\"Italic\":false,\"Bold\":true,\"Underline\":false},{\"Text\":\" A \\\"celestial body\\\" is most probably one that is found\",\"Italic\":false,\"Bold\":false,\"Underline\":false}],\"Align\":null,\"NameStyle\":null,\"Type\":\"paragraph\",\"StartIndex\":11257,\"EndIndex\":11324}]',NULL,'D',NULL,2,0,3,'2021-10-11 12:07:14.172249','2021-10-11 12:07:14.172249',NULL,NULL),('08d98c74-fd33-42b9-8aee-39cea0faf8dc',NULL,NULL,NULL,NULL,NULL,'08d98c74-fd33-41c1-8311-42b9157680c1',NULL,1,'[{\"Name\":\"A\",\"isTrue\":false,\"Content\":[{\"children\":[{\"Text\":\"square\",\"Italic\":false,\"Bold\":false,\"Underline\":false}],\"Align\":null,\"NameStyle\":null,\"Type\":\"paragraph\",\"StartIndex\":11483,\"EndIndex\":11493}]},{\"Name\":\"B\",\"isTrue\":false,\"Content\":[{\"children\":[{\"Text\":\"cover\",\"Italic\":false,\"Bold\":false,\"Underline\":false}],\"Align\":null,\"NameStyle\":null,\"Type\":\"paragraph\",\"StartIndex\":11493,\"EndIndex\":11502}]},{\"Name\":\"C\",\"isTrue\":false,\"Content\":[{\"children\":[{\"Text\":\"evaporate\",\"Italic\":false,\"Bold\":false,\"Underline\":false}],\"Align\":null,\"NameStyle\":null,\"Type\":\"paragraph\",\"StartIndex\":11502,\"EndIndex\":11515}]},{\"Name\":\"D\",\"isTrue\":false,\"Content\":[{\"children\":[{\"Text\":\"shrink\",\"Italic\":false,\"Bold\":false,\"Underline\":false}],\"Align\":null,\"NameStyle\":null,\"Type\":\"paragraph\",\"StartIndex\":11515,\"EndIndex\":11525}]}]','[{\"children\":[{\"Text\":\"Question #{index}. \",\"Italic\":false,\"Bold\":true,\"Underline\":false},{\"Text\":\" What is the meaning of \\\"block out\\\"?\",\"Italic\":false,\"Bold\":false,\"Underline\":false}],\"Align\":null,\"NameStyle\":null,\"Type\":\"paragraph\",\"StartIndex\":11434,\"EndIndex\":11483}]',NULL,'C',NULL,2,0,4,'2021-10-11 12:07:14.172249','2021-10-11 12:07:14.172249',NULL,NULL),('08d98c74-fd33-42d9-8468-ded0082c157c',NULL,NULL,NULL,NULL,NULL,'08d98c74-fd33-41c1-8311-42b9157680c1',NULL,1,'[{\"Name\":\"A\",\"isTrue\":false,\"Content\":[{\"children\":[{\"Text\":\"The fact that the Moon is closer to Earth than the Sun makes up for the Moon\'s smaller size.\",\"Italic\":false,\"Bold\":false,\"Underline\":false}],\"Align\":null,\"NameStyle\":null,\"Type\":\"paragraph\",\"StartIndex\":11618,\"EndIndex\":11714}]},{\"Name\":\"B\",\"isTrue\":false,\"Content\":[{\"children\":[{\"Text\":\"The Moon can only obscure the Sun because of the Moon\'s great distance from the earth.\",\"Italic\":false,\"Bold\":false,\"Underline\":false}],\"Align\":null,\"NameStyle\":null,\"Type\":\"paragraph\",\"StartIndex\":11714,\"EndIndex\":11804}]},{\"Name\":\"C\",\"isTrue\":false,\"Content\":[{\"children\":[{\"Text\":\"Because the Sun is relatively close to Earth, the Sun can be eclipsed by the Moon.\",\"Italic\":false,\"Bold\":false,\"Underline\":false}],\"Align\":null,\"NameStyle\":null,\"Type\":\"paragraph\",\"StartIndex\":11804,\"EndIndex\":11890}]},{\"Name\":\"D\",\"isTrue\":false,\"Content\":[{\"children\":[{\"Text\":\"The Moon hides the Sun because of the Moon\'s considerable size.\",\"Italic\":false,\"Bold\":false,\"Underline\":false}],\"Align\":null,\"NameStyle\":null,\"Type\":\"paragraph\",\"StartIndex\":11890,\"EndIndex\":11957}]}]','[{\"children\":[{\"Text\":\"Question #{index}. \",\"Italic\":false,\"Bold\":true,\"Underline\":false},{\"Text\":\" According to the passage, how can the Moon hide the Sun during a total eclipse?\",\"Italic\":false,\"Bold\":false,\"Underline\":false}],\"Align\":null,\"NameStyle\":null,\"Type\":\"paragraph\",\"StartIndex\":11525,\"EndIndex\":11618}]',NULL,'A',NULL,2,0,5,'2021-10-11 12:07:14.172249','2021-10-11 12:07:14.172249',NULL,NULL),('08d98c74-fd33-42f8-8942-b9ffdfc87e40',NULL,NULL,NULL,NULL,NULL,'08d98c74-fd33-41c1-8311-42b9157680c1',NULL,1,'[{\"Name\":\"A\",\"isTrue\":false,\"Content\":[{\"children\":[{\"Text\":\"familial\",\"Italic\":false,\"Bold\":false,\"Underline\":false}],\"Align\":null,\"NameStyle\":null,\"Type\":\"paragraph\",\"StartIndex\":12026,\"EndIndex\":12038}]},{\"Name\":\"B\",\"isTrue\":false,\"Content\":[{\"children\":[{\"Text\":\"infinite\",\"Italic\":false,\"Bold\":false,\"Underline\":false}],\"Align\":null,\"NameStyle\":null,\"Type\":\"paragraph\",\"StartIndex\":12038,\"EndIndex\":12050}]},{\"Name\":\"C\",\"isTrue\":false,\"Content\":[{\"children\":[{\"Text\":\"comparative\",\"Italic\":false,\"Bold\":false,\"Underline\":false}],\"Align\":null,\"NameStyle\":null,\"Type\":\"paragraph\",\"StartIndex\":12050,\"EndIndex\":12065}]},{\"Name\":\"D\",\"isTrue\":false,\"Content\":[{\"children\":[{\"Text\":\"paternal\",\"Italic\":false,\"Bold\":false,\"Underline\":false}],\"Align\":null,\"NameStyle\":null,\"Type\":\"paragraph\",\"StartIndex\":12065,\"EndIndex\":12077}]}]','[{\"children\":[{\"Text\":\"Question #{index}. \",\"Italic\":false,\"Bold\":true,\"Underline\":false},{\"Text\":\" The word \\\"relative\\\" in line 8 could best be replaced by\",\"Italic\":false,\"Bold\":false,\"Underline\":false}],\"Align\":null,\"NameStyle\":null,\"Type\":\"paragraph\",\"StartIndex\":11957,\"EndIndex\":12026}]',NULL,'D',NULL,2,0,6,'2021-10-11 12:07:14.172249','2021-10-11 12:07:14.172249',NULL,NULL),('08d98c74-fd33-4317-8ac3-7e3e57a512b6',NULL,NULL,NULL,NULL,NULL,'08d98c74-fd33-41c1-8311-42b9157680c1',NULL,1,'[{\"Name\":\"A\",\"isTrue\":false,\"Content\":[{\"children\":[{\"Text\":\"The Moon hides from the Sun.\",\"Italic\":false,\"Bold\":false,\"Underline\":false}],\"Align\":null,\"NameStyle\":null,\"Type\":\"paragraph\",\"StartIndex\":12164,\"EndIndex\":12196}]},{\"Name\":\"B\",\"isTrue\":false,\"Content\":[{\"children\":[{\"Text\":\"The Moon is obscured by the Sun.\",\"Italic\":false,\"Bold\":false,\"Underline\":false}],\"Align\":null,\"NameStyle\":null,\"Type\":\"paragraph\",\"StartIndex\":12196,\"EndIndex\":12232}]},{\"Name\":\"C\",\"isTrue\":false,\"Content\":[{\"children\":[{\"Text\":\"The Moon begins moving at a speed of 6 kilometers per second.\",\"Italic\":false,\"Bold\":false,\"Underline\":false}],\"Align\":null,\"NameStyle\":null,\"Type\":\"paragraph\",\"StartIndex\":12232,\"EndIndex\":12297}]},{\"Name\":\"D\",\"isTrue\":false,\"Content\":[{\"children\":[{\"Text\":\"The Moon\'s shadow crosses Earth.\",\"Italic\":false,\"Bold\":false,\"Underline\":false}],\"Align\":null,\"NameStyle\":null,\"Type\":\"paragraph\",\"StartIndex\":12297,\"EndIndex\":12333}]}]','[{\"children\":[{\"Text\":\"Question #{index}. \",\"Italic\":false,\"Bold\":true,\"Underline\":false},{\"Text\":\" The passage states that which of the following happens during an eclipse?\",\"Italic\":false,\"Bold\":false,\"Underline\":false}],\"Align\":null,\"NameStyle\":null,\"Type\":\"paragraph\",\"StartIndex\":12077,\"EndIndex\":12164}]',NULL,'B',NULL,2,0,7,'2021-10-11 12:07:14.172249','2021-10-11 12:07:14.172249',NULL,NULL),('08d98c74-fd33-4336-8f0c-562bd664e021',NULL,NULL,NULL,NULL,NULL,'08d98c74-fd33-41c1-8311-42b9157680c1',NULL,1,'[{\"Name\":\"A\",\"isTrue\":false,\"Content\":[{\"children\":[{\"Text\":\"form\",\"Italic\":false,\"Bold\":false,\"Underline\":false}],\"Align\":null,\"NameStyle\":null,\"Type\":\"paragraph\",\"StartIndex\":12397,\"EndIndex\":12405}]},{\"Name\":\"B\",\"isTrue\":false,\"Content\":[{\"children\":[{\"Text\":\"speed\",\"Italic\":false,\"Bold\":false,\"Underline\":false}],\"Align\":null,\"NameStyle\":null,\"Type\":\"paragraph\",\"StartIndex\":12405,\"EndIndex\":12414}]},{\"Name\":\"C\",\"isTrue\":false,\"Content\":[{\"children\":[{\"Text\":\"distance\",\"Italic\":false,\"Bold\":false,\"Underline\":false}],\"Align\":null,\"NameStyle\":null,\"Type\":\"paragraph\",\"StartIndex\":12414,\"EndIndex\":12426}]},{\"Name\":\"D\",\"isTrue\":false,\"Content\":[{\"children\":[{\"Text\":\"rotation\",\"Italic\":false,\"Bold\":false,\"Underline\":false}],\"Align\":null,\"NameStyle\":null,\"Type\":\"paragraph\",\"StartIndex\":12426,\"EndIndex\":12438}]}]','[{\"children\":[{\"Text\":\"Question #{index}. \",\"Italic\":false,\"Bold\":true,\"Underline\":false},{\"Text\":\" The word \\\"rate\\\" in line 9 is closest in meaning to\",\"Italic\":false,\"Bold\":false,\"Underline\":false}],\"Align\":null,\"NameStyle\":null,\"Type\":\"paragraph\",\"StartIndex\":12333,\"EndIndex\":12397},{\"children\":[{\"Text\":\"\",\"Italic\":false,\"Bold\":false,\"Underline\":false}],\"Align\":null,\"NameStyle\":null,\"Type\":\"paragraph\",\"StartIndex\":12438,\"EndIndex\":12439},{\"children\":[{\"Text\":\"\",\"Italic\":false,\"Bold\":false,\"Underline\":false}],\"Align\":null,\"NameStyle\":null,\"Type\":\"paragraph\",\"StartIndex\":12439,\"EndIndex\":12440}]',NULL,'A',NULL,2,0,8,'2021-10-11 12:07:14.172249','2021-10-11 12:07:14.172249',NULL,NULL);
/*!40000 ALTER TABLE `questions` ENABLE KEYS */;
UNLOCK TABLES;

--
-- Dumping data for table `questionsetquestion`
--

LOCK TABLES `questionsetquestion` WRITE;
/*!40000 ALTER TABLE `questionsetquestion` DISABLE KEYS */;
INSERT INTO `questionsetquestion` (`Id`, `QuestionId`, `QuestionSetId`) VALUES ('08d98c74-fd31-49f5-84df-f61046c1a3ad','08d98c74-fd28-40cd-8e15-fc0da3674c88','08d98c74-fd24-437b-8a0b-6e07d50c439b'),('08d98c74-fd31-4f46-84ce-24a37b0b330c','08d98c74-fd31-4d8c-872f-1112f463493e','08d98c74-fd24-437b-8a0b-6e07d50c439b'),('08d98c74-fd31-4fc8-88ce-de1b2e3f2773','08d98c74-fd31-4fa8-87f6-7b789c9ddd95','08d98c74-fd31-4f79-8139-bd821b67093e'),('08d98c74-fd32-41b7-8eb4-0268167185eb','08d98c74-fd31-4fe7-841b-ea3733637e98','08d98c74-fd31-4f79-8139-bd821b67093e'),('08d98c74-fd32-4233-8ec6-0116a7fc49b8','08d98c74-fd32-41fe-88d9-f79c9296712a','08d98c74-fd32-41cf-8c2f-829e84d14620'),('08d98c74-fd32-4277-82f6-4ca5ee96d2a0','08d98c74-fd32-425a-831f-27666a3ef11a','08d98c74-fd32-41cf-8c2f-829e84d14620'),('08d98c74-fd32-42ae-83b3-6b0753958995','08d98c74-fd32-4291-8c33-6d58645d273b','08d98c74-fd32-41cf-8c2f-829e84d14620'),('08d98c74-fd32-42fb-8851-1334f49711a4','08d98c74-fd32-42de-8350-00d2af4c2aee','08d98c74-fd32-42be-8fc6-ff5bbcfe618a'),('08d98c74-fd32-4337-87b9-941ea829d237','08d98c74-fd32-4319-8280-e6dfca558c05','08d98c74-fd32-42be-8fc6-ff5bbcfe618a'),('08d98c74-fd32-436d-8ec4-30e16171048a','08d98c74-fd32-4352-8e93-e56f4c91dc0f','08d98c74-fd32-42be-8fc6-ff5bbcfe618a'),('08d98c74-fd32-43a7-8f88-f211dded8360','08d98c74-fd32-4388-8a39-f433fb443893','08d98c74-fd32-42be-8fc6-ff5bbcfe618a'),('08d98c74-fd32-43e1-87ae-310bd3619872','08d98c74-fd32-43c4-8ebd-b0b80b4476a3','08d98c74-fd32-42be-8fc6-ff5bbcfe618a'),('08d98c74-fd32-441e-8a2a-3ff7c003717d','08d98c74-fd32-43ff-8611-d67e14556035','08d98c74-fd32-42be-8fc6-ff5bbcfe618a'),('08d98c74-fd32-445b-832d-3a31e1a99db6','08d98c74-fd32-443a-8e4e-a590cca34cb2','08d98c74-fd32-42be-8fc6-ff5bbcfe618a'),('08d98c74-fd32-4492-8b8e-555eb805675c','08d98c74-fd32-4472-885b-2927fee7a86a','08d98c74-fd32-42be-8fc6-ff5bbcfe618a'),('08d98c74-fd32-44cd-8bfc-678ba90386e5','08d98c74-fd32-44ac-8ec2-d5736b383113','08d98c74-fd32-42be-8fc6-ff5bbcfe618a'),('08d98c74-fd32-450c-8a8d-d612a61a59b2','08d98c74-fd32-44e7-8540-a9921d03bd26','08d98c74-fd32-42be-8fc6-ff5bbcfe618a'),('08d98c74-fd32-454a-8bdd-2b49d9fcaf2a','08d98c74-fd32-4526-8d91-de3a4807c8f7','08d98c74-fd32-42be-8fc6-ff5bbcfe618a'),('08d98c74-fd32-4587-8d4f-5f27c8add9c4','08d98c74-fd32-4565-8408-516278bae893','08d98c74-fd32-42be-8fc6-ff5bbcfe618a'),('08d98c74-fd32-45dd-84bc-f57944eb972a','08d98c74-fd32-45bb-8e6f-d23ba3657961','08d98c74-fd32-459d-876d-e6e3306785f1'),('08d98c74-fd32-4617-8d7b-a0ff41b5b7f7','08d98c74-fd32-45f7-8b09-bd9969ece3b4','08d98c74-fd32-459d-876d-e6e3306785f1'),('08d98c74-fd32-4674-876e-40035dabadef','08d98c74-fd32-464e-8782-1c74c869573f','08d98c74-fd32-462e-80d8-01c1940a96e4'),('08d98c74-fd32-46b0-8e50-c934255526f9','08d98c74-fd32-468f-8796-8bd104edbaf1','08d98c74-fd32-462e-80d8-01c1940a96e4'),('08d98c74-fd32-46ff-8d6f-8f8f8751e0cc','08d98c74-fd32-46da-8600-51bd03affbd2','08d98c74-fd32-46bf-8d83-130dd59a891e'),('08d98c74-fd32-473b-8ca4-40cdad060a6d','08d98c74-fd32-471a-80cd-e376ef6ca509','08d98c74-fd32-46bf-8d83-130dd59a891e'),('08d98c74-fd32-478d-83d6-8ebaf205d7e3','08d98c74-fd32-4766-8837-007cc1c4877d','08d98c74-fd32-474a-8d6e-073bb14937ca'),('08d98c74-fd32-47d0-8e14-bbaafc36a6b8','08d98c74-fd32-47ad-8ff2-f7d23901e468','08d98c74-fd32-474a-8d6e-073bb14937ca'),('08d98c74-fd32-480e-83eb-e538244b7066','08d98c74-fd32-47ea-8cd0-3f578889d6a6','08d98c74-fd32-474a-8d6e-073bb14937ca'),('08d98c74-fd32-4867-8d53-e9750ebfa8d7','08d98c74-fd32-4843-8818-bb5d2096a820','08d98c74-fd32-481f-8133-31c2efe228da'),('08d98c74-fd32-48a8-8b8b-3771795faad0','08d98c74-fd32-4882-8b0a-86f0fa2ca9c9','08d98c74-fd32-481f-8133-31c2efe228da'),('08d98c74-fd32-4913-852f-00520e5721c2','08d98c74-fd32-48df-8dc1-4b3c34e4334e','08d98c74-fd32-48bf-813c-955e41870785'),('08d98c74-fd33-40dd-81de-dd8a2e4d5993','08d98c74-fd33-40a0-8b3a-55f54b44adf1','08d98c74-fd33-4065-8134-94fda201e221'),('08d98c74-fd33-41fd-8a45-aa612c28eccb','08d98c74-fd33-41c1-8311-42b9157680c1','08d98c74-fd33-41a6-8068-c91076789b08');
/*!40000 ALTER TABLE `questionsetquestion` ENABLE KEYS */;
UNLOCK TABLES;

--
-- Dumping data for table `questionsets`
--

LOCK TABLES `questionsets` WRITE;
/*!40000 ALTER TABLE `questionsets` DISABLE KEYS */;
INSERT INTO `questionsets` (`Id`, `CreatedAt`, `UpdatedAt`, `CreatedBy`, `UpdatedBy`, `Show`, `Name`, `OrderNumber`, `DocumentId`) VALUES ('08d98c74-fd24-437b-8a0b-6e07d50c439b','2021-10-11 12:07:14.172249','2021-10-11 12:07:14.172249',NULL,NULL,1,'Mark the letter A, B, C, or D on your answer sheet to indicate the word whose underlined part differs from the other three in pronunciation in each of the following questions.\n',0,'08d98c74-08aa-4425-8d47-f59004286ce1'),('08d98c74-fd31-4f79-8139-bd821b67093e','2021-10-11 12:07:14.172249','2021-10-11 12:07:14.172249',NULL,NULL,1,'Mark the letter A, B, C, or D on your answer sheet to indicate the word that differs from the other three in the position of the primary stress in each of the following questions.\n',1,'08d98c74-08aa-4425-8d47-f59004286ce1'),('08d98c74-fd32-41cf-8c2f-829e84d14620','2021-10-11 12:07:14.172249','2021-10-11 12:07:14.172249',NULL,NULL,1,'Mark the letter A, B C or D on your answer sheet to indicate the underlined part that needs correction in each of the following questions\n',2,'08d98c74-08aa-4425-8d47-f59004286ce1'),('08d98c74-fd32-42be-8fc6-ff5bbcfe618a','2021-10-11 12:07:14.172249','2021-10-11 12:07:14.172249',NULL,NULL,1,'Mark the letter A, B, C or D on your answer sheet to indicate the correct answer to each of the following questions.\n',3,'08d98c74-08aa-4425-8d47-f59004286ce1'),('08d98c74-fd32-459d-876d-e6e3306785f1','2021-10-11 12:07:14.172249','2021-10-11 12:07:14.172249',NULL,NULL,1,'Mark the letter A, B, C or D on your answer sheet to indicate the most suitable response to complete each of the following exchanges.\n',4,'08d98c74-08aa-4425-8d47-f59004286ce1'),('08d98c74-fd32-462e-80d8-01c1940a96e4','2021-10-11 12:07:14.172249','2021-10-11 12:07:14.172249',NULL,NULL,1,'Mark the letter A, B, C or D on your answer sheet to indicate the word(s) SIMILAR/ CLOSEST in meaning to the underlined word (s) in each of the following questions.\n',5,'08d98c74-08aa-4425-8d47-f59004286ce1'),('08d98c74-fd32-46bf-8d83-130dd59a891e','2021-10-11 12:07:14.172249','2021-10-11 12:07:14.172249',NULL,NULL,1,'Mark the letter A, B, C or D on your answer sheet to indicate the word(s) OPPOSITE in meaning to the underlined bold word (s) in each of the following questions.\n',6,'08d98c74-08aa-4425-8d47-f59004286ce1'),('08d98c74-fd32-474a-8d6e-073bb14937ca','2021-10-11 12:07:14.172249','2021-10-11 12:07:14.172249',NULL,NULL,1,'Mark the letter A, B, C or D on your answer sheet to indicate the sentence that is closest in meaning to each of the following suggested sentences.\n',7,'08d98c74-08aa-4425-8d47-f59004286ce1'),('08d98c74-fd32-481f-8133-31c2efe228da','2021-10-11 12:07:14.172249','2021-10-11 12:07:14.172249',NULL,NULL,1,'Mark the letter A, B, C or D on your answer sheet to indicate the sentence that best combines each pair of sentences in the following questions.\n',8,'08d98c74-08aa-4425-8d47-f59004286ce1'),('08d98c74-fd32-48bf-813c-955e41870785','2021-10-11 12:07:14.172249','2021-10-11 12:07:14.172249',NULL,NULL,1,'Read the following passage and mark the letter A, B, C, or D on your answer sheet to indicate the correct word or phrase that best fits each of the numbered blanks.\n',9,'08d98c74-08aa-4425-8d47-f59004286ce1'),('08d98c74-fd33-4065-8134-94fda201e221','2021-10-11 12:07:14.172249','2021-10-11 12:07:14.172249',NULL,NULL,1,'Read the following passage and mark the letter A, B, C or D on your answer sheet to indicate the correct answer to each of the questions.\n',10,'08d98c74-08aa-4425-8d47-f59004286ce1'),('08d98c74-fd33-41a6-8068-c91076789b08','2021-10-11 12:07:14.172249','2021-10-11 12:07:14.172249',NULL,NULL,1,'Read the following passage and mark the letter A, B, C or D on your answer sheet to indicate the correct answer to each of the questions.\n',11,'08d98c74-08aa-4425-8d47-f59004286ce1');
/*!40000 ALTER TABLE `questionsets` ENABLE KEYS */;
UNLOCK TABLES;

--
-- Dumping data for table `subjects`
--

LOCK TABLES `subjects` WRITE;
/*!40000 ALTER TABLE `subjects` DISABLE KEYS */;
INSERT INTO `subjects` (`Id`, `Name`, `Code`, `OrderNumber`) VALUES ('18cdf684-f05e-4db2-a6da-f3d63856291c','Lịch sử','lich-su',5),('2e3a837f-efb0-4aae-9d8a-6c7ad75882db','Tiếng Anh','tieng-anh',10),('370c25ae-5e13-4057-a76d-f2511a65143e','Giáo dục công dân','giao-duc-cong-dan',7),('49795e43-199c-4d75-bc72-4d510af25dcb','Toán học','toan-hoc',1),('5497624c-b5ec-4288-afba-0c0a4abe18d2','Vật lý','vat-ly',2),('5a8cd25d-6905-4a9e-b968-d9878234fcb4','Sinh học','sinh-hoc',4),('72230517-0e81-4eb9-a29f-cf8b7b8902ad','Hóa học','hoa-hoc',3),('ce80af0d-1772-48b6-9a79-d894a560ba62','Địa lý','dia-ly',6);
/*!40000 ALTER TABLE `subjects` ENABLE KEYS */;
UNLOCK TABLES;

--
-- Dumping data for table `templatequestions`
--

LOCK TABLES `templatequestions` WRITE;
/*!40000 ALTER TABLE `templatequestions` DISABLE KEYS */;
/*!40000 ALTER TABLE `templatequestions` ENABLE KEYS */;
UNLOCK TABLES;

--
-- Dumping data for table `units`
--

LOCK TABLES `units` WRITE;
/*!40000 ALTER TABLE `units` DISABLE KEYS */;
/*!40000 ALTER TABLE `units` ENABLE KEYS */;
UNLOCK TABLES;
/*!40103 SET TIME_ZONE=@OLD_TIME_ZONE */;

/*!40101 SET SQL_MODE=@OLD_SQL_MODE */;
/*!40014 SET FOREIGN_KEY_CHECKS=@OLD_FOREIGN_KEY_CHECKS */;
/*!40014 SET UNIQUE_CHECKS=@OLD_UNIQUE_CHECKS */;
/*!40101 SET CHARACTER_SET_CLIENT=@OLD_CHARACTER_SET_CLIENT */;
/*!40101 SET CHARACTER_SET_RESULTS=@OLD_CHARACTER_SET_RESULTS */;
/*!40101 SET COLLATION_CONNECTION=@OLD_COLLATION_CONNECTION */;
/*!40111 SET SQL_NOTES=@OLD_SQL_NOTES */;

-- Dump completed on 2021-10-11 15:02:33
